clienteId,ubicacionId,fechaRegistro,esDomicilio,verificado
CL-0001,UB-0001,2017-10-06,true,true
CL-0002,UB-0002,2017-10-11,true,false
CL-0003,UB-0003,2021-07-08,true,true
CL-0004,UB-0004,2016-08-28,true,true
CL-0005,UB-0005,2016-09-27,true,true
CL-0006,UB-0006,2023-09-08,true,false
CL-0007,UB-0007,2020-04-26,true,true
CL-0008,UB-0008,2019-02-14,true,true
CL-0009,UB-0009,2017-02-25,true,true
CL-0010,UB-0010,2020-07-02,true,true
CL-0011,UB-0011,2022-12-08,true,true
CL-0012,UB-0012,2018-04-06,true,true
CL-0013,UB-0013,2023-10-23,true,false
CL-0014,UB-0014,2018-11-02,true,false
CL-0015,UB-0015,2023-08-04,true,true
CL-0016,UB-0016,2021-07-04,true,true
CL-0017,UB-0017,2016-10-13,true,true
CL-0018,UB-0018,2023-05-13,true,true
CL-0019,UB-0019,2017-08-30,true,true
CL-0020,UB-0020,2021-06-24,true,true
CL-0021,UB-0021,2015-06-11,true,true
CL-0022,UB-0022,2021-12-01,true,true
CL-0023,UB-0023,2019-01-30,true,false
CL-0024,UB-0024,2016-01-19,true,false
CL-0025,UB-0025,2017-09-12,true,true
CL-0026,UB-0026,2021-05-17,true,true
CL-0027,UB-0027,2023-08-20,true,true
CL-0028,UB-0028,2023-08-19,true,true
CL-0029,UB-0029,2018-09-25,true,true
CL-0030,UB-0030,2016-02-16,true,false
CL-0031,UB-0031,2015-02-09,true,true
CL-0032,UB-0032,2020-04-18,true,true
CL-0033,UB-0033,2019-04-01,true,true
CL-0034,UB-0034,2018-05-20,true,true
CL-0035,UB-0035,2020-03-21,true,true
CL-0036,UB-0036,2020-06-27,true,false
CL-0037,UB-0037,2019-06-08,true,true
CL-0038,UB-0038,2016-09-29,true,false
CL-0039,UB-0039,2019-08-22,true,true
CL-0040,UB-0040,2023-09-13,true,true
CL-0041,UB-0041,2019-11-16,true,false
CL-0042,UB-0042,2017-03-23,true,false
CL-0043,UB-0043,2015-09-18,true,true
CL-0044,UB-0044,2015-11-29,true,true
CL-0045,UB-0045,2016-06-26,true,true
CL-0046,UB-0046,2021-01-25,true,true
CL-0047,UB-0047,2018-06-30,true,true
CL-0048,UB-0048,2018-02-03,true,false
CL-0049,UB-0049,2016-07-19,true,true
CL-0050,UB-0050,2018-01-18,true,false
CL-0051,UB-0051,2017-11-09,true,true
CL-0052,UB-0052,2017-01-19,true,false
CL-0053,UB-0053,2019-02-23,true,true
CL-0054,UB-0054,2016-07-12,true,true
CL-0055,UB-0055,2021-12-29,true,false
CL-0056,UB-0056,2022-01-24,true,false
CL-0057,UB-0057,2018-05-24,true,true
CL-0058,UB-0058,2022-07-10,true,false
CL-0059,UB-0059,2022-07-24,true,true
CL-0060,UB-0060,2016-11-01,true,true
CL-0061,UB-0061,2022-07-05,true,true
CL-0062,UB-0062,2020-09-12,true,true
CL-0063,UB-0063,2016-06-21,true,true
CL-0064,UB-0064,2018-03-16,true,true
CL-0065,UB-0065,2020-11-03,true,false
CL-0066,UB-0066,2016-11-08,true,true
CL-0067,UB-0067,2023-04-17,true,false
CL-0068,UB-0068,2022-01-14,true,true
CL-0069,UB-0069,2015-08-23,true,true
CL-0070,UB-0070,2022-10-23,true,false
CL-0071,UB-0071,2022-09-19,true,true
CL-0072,UB-0072,2023-06-07,true,false
CL-0073,UB-0073,2021-07-01,true,true
CL-0074,UB-0074,2017-07-11,true,true
CL-0075,UB-0075,2021-01-29,true,true
CL-0076,UB-0076,2015-06-21,true,false
CL-0077,UB-0077,2016-08-16,true,false
CL-0078,UB-0078,2019-02-14,true,true
CL-0079,UB-0079,2020-12-23,true,true
CL-0080,UB-0080,2022-04-01,true,true
CL-0081,UB-0081,2020-03-24,true,true
CL-0082,UB-0082,2018-03-05,true,true
CL-0083,UB-0083,2015-06-20,true,false
CL-0084,UB-0084,2018-07-25,true,true
CL-0085,UB-0085,2017-10-20,true,true
CL-0086,UB-0086,2022-07-10,true,false
CL-0087,UB-0087,2016-10-31,true,true
CL-0088,UB-0088,2019-09-06,true,true
CL-0089,UB-0089,2017-01-30,true,true
CL-0090,UB-0090,2019-12-17,true,false
CL-0091,UB-0091,2022-02-11,true,true
CL-0092,UB-0092,2022-09-10,true,true
CL-0093,UB-0093,2019-01-10,true,true
CL-0094,UB-0094,2017-06-27,true,true
CL-0095,UB-0095,2017-05-05,true,true
CL-0096,UB-0096,2019-10-05,true,true
CL-0097,UB-0097,2021-12-22,true,true
CL-0098,UB-0098,2017-01-20,true,true
CL-0099,UB-0099,2017-02-07,true,false
CL-0100,UB-0100,2018-07-31,true,false
CL-0101,UB-0101,2020-04-21,true,true
CL-0102,UB-0102,2018-04-27,true,true
CL-0103,UB-0103,2016-10-07,true,true
CL-0104,UB-0104,2023-07-05,true,true
CL-0105,UB-0105,2019-04-07,true,true
CL-0106,UB-0106,2017-11-12,true,true
CL-0107,UB-0107,2018-11-09,true,false
CL-0108,UB-0108,2019-01-11,true,true
CL-0109,UB-0109,2023-02-21,true,true
CL-0110,UB-0110,2016-07-04,true,true
CL-0111,UB-0111,2018-08-15,true,true
CL-0112,UB-0112,2020-08-23,true,true
CL-0113,UB-0113,2018-12-25,true,true
CL-0114,UB-0114,2020-08-10,true,true
CL-0115,UB-0115,2021-05-30,true,true
CL-0116,UB-0116,2023-03-27,true,true
CL-0117,UB-0117,2022-02-18,true,true
CL-0118,UB-0118,2023-07-04,true,true
CL-0119,UB-0119,2017-06-19,true,true
CL-0120,UB-0120,2020-04-16,true,true
CL-0121,UB-0121,2017-10-29,true,true
CL-0122,UB-0122,2021-12-01,true,true
CL-0123,UB-0123,2023-10-23,true,true
CL-0124,UB-0124,2021-03-22,true,true
CL-0125,UB-0125,2022-11-24,true,true
CL-0126,UB-0126,2023-09-02,true,true
CL-0127,UB-0127,2016-05-21,true,true
CL-0128,UB-0128,2023-12-08,true,true
CL-0129,UB-0129,2017-07-02,true,true
CL-0130,UB-0130,2020-12-22,true,true
CL-0131,UB-0131,2016-08-16,true,true
CL-0132,UB-0132,2015-12-02,true,true
CL-0133,UB-0133,2016-03-04,true,true
CL-0134,UB-0134,2023-08-19,true,true
CL-0135,UB-0135,2023-07-15,true,true
CL-0136,UB-0136,2022-04-08,true,true
CL-0137,UB-0137,2019-09-15,true,false
CL-0138,UB-0138,2016-01-10,true,true
CL-0139,UB-0139,2021-06-11,true,true
CL-0140,UB-0140,2022-08-12,true,false
CL-0141,UB-0141,2015-05-04,true,false
CL-0142,UB-0142,2022-02-25,true,true
CL-0143,UB-0143,2020-10-19,true,true
CL-0144,UB-0144,2017-10-14,true,true
CL-0145,UB-0145,2016-01-21,true,false
CL-0146,UB-0146,2018-08-27,true,true
CL-0147,UB-0147,2016-08-01,true,true
CL-0148,UB-0148,2016-01-27,true,false
CL-0149,UB-0149,2015-08-15,true,true
CL-0150,UB-0150,2018-03-06,true,true
CL-0151,UB-0151,2023-07-04,true,true
CL-0152,UB-0152,2021-02-16,true,true
CL-0153,UB-0153,2022-04-30,true,true
CL-0154,UB-0154,2015-11-06,true,true
CL-0155,UB-0155,2018-12-30,true,true
CL-0156,UB-0156,2018-04-09,true,false
CL-0157,UB-0157,2023-10-14,true,true
CL-0158,UB-0158,2021-03-27,true,true
CL-0159,UB-0159,2015-08-23,true,true
CL-0160,UB-0160,2019-04-08,true,true
CL-0161,UB-0161,2018-09-16,true,true
CL-0162,UB-0162,2022-05-09,true,false
CL-0163,UB-0163,2017-05-05,true,true
CL-0164,UB-0164,2019-03-29,true,false
CL-0165,UB-0165,2017-09-16,true,true
CL-0166,UB-0166,2021-11-22,true,true
CL-0167,UB-0167,2019-04-26,true,true
CL-0168,UB-0168,2019-10-25,true,true
CL-0169,UB-0169,2017-12-31,true,true
CL-0170,UB-0170,2018-06-27,true,true
CL-0171,UB-0171,2019-01-13,true,true
CL-0172,UB-0172,2021-04-25,true,true
CL-0173,UB-0173,2016-08-10,true,false
CL-0174,UB-0174,2018-05-16,true,true
CL-0175,UB-0175,2020-11-16,true,true
CL-0176,UB-0176,2020-03-29,true,true
CL-0177,UB-0177,2016-09-07,true,true
CL-0178,UB-0178,2021-09-28,true,false
CL-0179,UB-0179,2017-01-26,true,true
CL-0180,UB-0180,2021-12-11,true,true
CL-0181,UB-0181,2020-05-23,true,true
CL-0182,UB-0182,2016-11-09,true,true
CL-0183,UB-0183,2016-06-10,true,true
CL-0184,UB-0184,2017-05-10,true,true
CL-0185,UB-0185,2015-06-12,true,true
CL-0186,UB-0186,2022-04-19,true,true
CL-0187,UB-0187,2016-08-22,true,true
CL-0188,UB-0188,2016-06-30,true,true
CL-0189,UB-0189,2015-05-18,true,true
CL-0190,UB-0190,2015-10-12,true,false
CL-0191,UB-0191,2015-06-02,true,false
CL-0192,UB-0192,2021-03-02,true,true
CL-0193,UB-0193,2020-05-02,true,true
CL-0194,UB-0194,2020-10-26,true,true
CL-0195,UB-0195,2016-06-17,true,false
CL-0196,UB-0196,2016-06-04,true,true
CL-0197,UB-0197,2020-09-30,true,true
CL-0198,UB-0198,2021-12-02,true,true
CL-0199,UB-0199,2015-09-17,true,true
CL-0200,UB-0200,2018-10-01,true,true
CL-0201,UB-0001,2020-08-30,true,true
CL-0202,UB-0002,2020-06-03,true,true
CL-0203,UB-0003,2015-08-06,true,true
CL-0204,UB-0004,2017-08-11,true,true
CL-0205,UB-0005,2020-05-17,true,true
CL-0206,UB-0006,2019-07-14,true,true
CL-0207,UB-0007,2015-02-19,true,true
CL-0208,UB-0008,2020-05-23,true,true
CL-0209,UB-0009,2017-02-16,true,true
CL-0210,UB-0010,2019-07-17,true,true
CL-0211,UB-0011,2016-08-02,true,true
CL-0212,UB-0012,2015-06-10,true,true
CL-0213,UB-0013,2019-12-21,true,true
CL-0214,UB-0014,2022-12-15,true,true
CL-0215,UB-0015,2021-06-20,true,true
CL-0216,UB-0016,2022-09-04,true,true
CL-0217,UB-0017,2019-02-21,true,true
CL-0218,UB-0018,2015-12-28,true,false
CL-0219,UB-0019,2018-10-10,true,true
CL-0220,UB-0020,2016-08-19,true,true
CL-0221,UB-0021,2017-03-17,true,true
CL-0222,UB-0022,2018-01-18,true,true
CL-0223,UB-0023,2021-11-10,true,true
CL-0224,UB-0024,2015-05-30,true,true
CL-0225,UB-0025,2017-06-20,true,true
CL-0226,UB-0026,2019-11-16,true,false
CL-0227,UB-0027,2016-07-30,true,true
CL-0228,UB-0028,2022-07-31,true,true
CL-0229,UB-0029,2018-07-03,true,true
CL-0230,UB-0030,2018-01-15,true,true
CL-0231,UB-0031,2020-04-24,true,true
CL-0232,UB-0032,2019-12-08,true,true
CL-0233,UB-0033,2018-04-16,true,true
CL-0234,UB-0034,2023-03-19,true,true
CL-0235,UB-0035,2016-05-12,true,true
CL-0236,UB-0036,2017-07-20,true,true
CL-0237,UB-0037,2023-06-30,true,true
CL-0238,UB-0038,2021-01-27,true,true
CL-0239,UB-0039,2020-11-23,true,true
CL-0240,UB-0040,2020-11-16,true,true
CL-0241,UB-0041,2023-05-24,true,false
CL-0242,UB-0042,2023-07-12,true,false
CL-0243,UB-0043,2015-03-22,true,true
CL-0244,UB-0044,2019-05-17,true,true
CL-0245,UB-0045,2023-02-15,true,true
CL-0246,UB-0046,2015-09-24,true,true
CL-0247,UB-0047,2018-12-26,true,true
CL-0248,UB-0048,2018-12-24,true,true
CL-0249,UB-0049,2018-10-06,true,true
CL-0250,UB-0050,2017-07-31,true,true
CL-0251,UB-0051,2015-09-29,true,true
CL-0252,UB-0052,2023-07-27,true,true
CL-0253,UB-0053,2018-12-09,true,true
CL-0254,UB-0054,2018-08-07,true,false
CL-0255,UB-0055,2015-04-23,true,true
CL-0256,UB-0056,2017-02-27,true,false
CL-0257,UB-0057,2021-06-16,true,true
CL-0258,UB-0058,2020-03-23,true,true
CL-0259,UB-0059,2023-03-23,true,true
CL-0260,UB-0060,2019-08-05,true,false
CL-0261,UB-0061,2016-12-15,true,true
CL-0262,UB-0062,2020-10-24,true,true
CL-0263,UB-0063,2017-03-25,true,true
CL-0264,UB-0064,2017-10-20,true,false
CL-0265,UB-0065,2023-11-16,true,false
CL-0266,UB-0066,2022-03-22,true,true
CL-0267,UB-0067,2020-08-13,true,true
CL-0268,UB-0068,2022-01-21,true,true
CL-0269,UB-0069,2015-06-12,true,false
CL-0270,UB-0070,2021-12-30,true,false
CL-0271,UB-0071,2018-11-13,true,true
CL-0272,UB-0072,2019-10-24,true,true
CL-0273,UB-0073,2018-01-16,true,true
CL-0274,UB-0074,2022-01-21,true,true
CL-0275,UB-0075,2018-04-10,true,true
CL-0276,UB-0076,2021-12-11,true,true
CL-0277,UB-0077,2017-08-19,true,true
CL-0278,UB-0078,2016-07-16,true,true
CL-0279,UB-0079,2022-09-10,true,true
CL-0280,UB-0080,2019-12-03,true,true
CL-0281,UB-0081,2018-07-20,true,false
CL-0282,UB-0082,2015-06-12,true,true
CL-0283,UB-0083,2018-04-17,true,true
CL-0284,UB-0084,2020-03-18,true,true
CL-0285,UB-0085,2015-09-24,true,true
CL-0286,UB-0086,2020-09-24,true,true
CL-0287,UB-0087,2022-07-25,true,true
CL-0288,UB-0088,2022-07-21,true,true
CL-0289,UB-0089,2022-09-24,true,true
CL-0290,UB-0090,2017-08-10,true,false
CL-0291,UB-0091,2016-05-13,true,true
CL-0292,UB-0092,2018-02-02,true,false
CL-0293,UB-0093,2019-07-23,true,true
CL-0294,UB-0094,2017-04-01,true,true
CL-0295,UB-0095,2020-01-04,true,true
CL-0296,UB-0096,2023-12-22,true,true
CL-0297,UB-0097,2023-02-27,true,true
CL-0298,UB-0098,2017-04-16,true,true
CL-0299,UB-0099,2019-03-27,true,true
CL-0300,UB-0100,2015-11-10,true,false
CL-0301,UB-0101,2023-05-12,true,true
CL-0302,UB-0102,2022-09-27,true,true
CL-0303,UB-0103,2016-12-04,true,true
CL-0304,UB-0104,2021-09-29,true,true
CL-0305,UB-0105,2016-05-16,true,true
CL-0306,UB-0106,2018-08-25,true,true
CL-0307,UB-0107,2018-08-03,true,true
CL-0308,UB-0108,2021-11-05,true,true
CL-0309,UB-0109,2016-06-18,true,true
CL-0310,UB-0110,2021-09-21,true,false
CL-0311,UB-0111,2023-01-17,true,false
CL-0312,UB-0112,2015-05-21,true,true
CL-0313,UB-0113,2016-02-17,true,true
CL-0314,UB-0114,2022-03-10,true,false
CL-0315,UB-0115,2023-07-16,true,true
CL-0316,UB-0116,2019-09-01,true,true
CL-0317,UB-0117,2017-08-31,true,true
CL-0318,UB-0118,2017-04-25,true,true
CL-0319,UB-0119,2022-07-23,true,true
CL-0320,UB-0120,2019-07-03,true,true
CL-0321,UB-0121,2021-07-07,true,false
CL-0322,UB-0122,2017-08-19,true,true
CL-0323,UB-0123,2022-08-17,true,true
CL-0324,UB-0124,2020-07-05,true,true
CL-0325,UB-0125,2023-04-16,true,true
CL-0326,UB-0126,2022-06-08,true,true
CL-0327,UB-0127,2023-02-19,true,true
CL-0328,UB-0128,2019-01-05,true,true
CL-0329,UB-0129,2017-03-12,true,false
CL-0330,UB-0130,2018-05-03,true,true
CL-0331,UB-0131,2016-08-25,true,true
CL-0332,UB-0132,2015-05-22,true,true
CL-0333,UB-0133,2017-03-22,true,true
CL-0334,UB-0134,2016-11-23,true,true
CL-0335,UB-0135,2019-02-10,true,true
CL-0336,UB-0136,2022-04-02,true,true
CL-0337,UB-0137,2015-05-20,true,true
CL-0338,UB-0138,2017-03-15,true,true
CL-0339,UB-0139,2016-06-22,true,true
CL-0340,UB-0140,2016-09-27,true,true
CL-0341,UB-0141,2023-12-11,true,true
CL-0342,UB-0142,2017-04-22,true,false
CL-0343,UB-0143,2020-08-29,true,true
CL-0344,UB-0144,2017-08-16,true,true
CL-0345,UB-0145,2015-09-29,true,true
CL-0346,UB-0146,2019-08-05,true,true
CL-0347,UB-0147,2016-08-27,true,true
CL-0348,UB-0148,2018-02-02,true,true
CL-0349,UB-0149,2019-07-08,true,false
CL-0350,UB-0150,2022-01-27,true,true
CL-0351,UB-0151,2022-03-31,true,true
CL-0352,UB-0152,2021-11-03,true,true
CL-0353,UB-0153,2022-06-11,true,true
CL-0354,UB-0154,2022-10-16,true,false
CL-0355,UB-0155,2017-02-16,true,true
CL-0356,UB-0156,2016-04-25,true,true
CL-0357,UB-0157,2015-04-29,true,true
CL-0358,UB-0158,2015-07-30,true,true
CL-0359,UB-0159,2021-11-12,true,true
CL-0360,UB-0160,2022-08-12,true,true
CL-0361,UB-0161,2019-03-03,true,true
CL-0362,UB-0162,2022-07-31,true,false
CL-0363,UB-0163,2015-12-24,true,true
CL-0364,UB-0164,2015-03-30,true,true
CL-0365,UB-0165,2023-02-25,true,false
CL-0366,UB-0166,2017-05-09,true,true
CL-0367,UB-0167,2020-09-15,true,true
CL-0368,UB-0168,2018-03-04,true,false
CL-0369,UB-0169,2020-02-24,true,true
CL-0370,UB-0170,2015-10-23,true,true
CL-0371,UB-0171,2020-06-25,true,true
CL-0372,UB-0172,2016-02-20,true,false
CL-0373,UB-0173,2022-10-01,true,true
CL-0374,UB-0174,2021-08-11,true,true
CL-0375,UB-0175,2016-06-24,true,true
CL-0376,UB-0176,2019-03-09,true,true
CL-0377,UB-0177,2022-06-02,true,false
CL-0378,UB-0178,2023-03-23,true,true
CL-0379,UB-0179,2022-05-27,true,false
CL-0380,UB-0180,2020-05-09,true,true
CL-0381,UB-0181,2020-10-18,true,false
CL-0382,UB-0182,2019-05-10,true,false
CL-0383,UB-0183,2016-04-02,true,true
CL-0384,UB-0184,2016-10-17,true,true
CL-0385,UB-0185,2019-01-27,true,true
CL-0386,UB-0186,2018-10-18,true,true
CL-0387,UB-0187,2015-03-30,true,true
CL-0388,UB-0188,2016-09-09,true,false
CL-0389,UB-0189,2017-11-08,true,true
CL-0390,UB-0190,2019-08-01,true,true
CL-0391,UB-0191,2018-07-06,true,false
CL-0392,UB-0192,2016-07-23,true,false
CL-0393,UB-0193,2017-02-06,true,false
CL-0394,UB-0194,2015-04-04,true,true
CL-0395,UB-0195,2016-05-07,true,false
CL-0396,UB-0196,2017-12-15,true,true
CL-0397,UB-0197,2015-07-11,true,true
CL-0398,UB-0198,2019-05-16,true,true
CL-0399,UB-0199,2018-08-10,true,true
CL-0400,UB-0200,2020-08-23,true,false
CL-0401,UB-0001,2015-04-12,true,true
CL-0402,UB-0002,2017-11-09,true,true
CL-0403,UB-0003,2022-10-07,true,false
CL-0404,UB-0004,2018-01-12,true,true
CL-0405,UB-0005,2016-05-24,true,true
CL-0406,UB-0006,2021-09-09,true,true
CL-0407,UB-0007,2019-07-28,true,true
CL-0408,UB-0008,2023-10-12,true,true
CL-0409,UB-0009,2022-01-02,true,false
CL-0410,UB-0010,2023-05-12,true,true
CL-0411,UB-0011,2020-04-13,true,true
CL-0412,UB-0012,2020-10-23,true,true
CL-0413,UB-0013,2017-01-19,true,true
CL-0414,UB-0014,2016-11-25,true,true
CL-0415,UB-0015,2017-09-25,true,true
CL-0416,UB-0016,2019-12-12,true,true
CL-0417,UB-0017,2015-04-11,true,true
CL-0418,UB-0018,2021-05-16,true,true
CL-0419,UB-0019,2017-04-14,true,true
CL-0420,UB-0020,2016-08-23,true,true
CL-0421,UB-0021,2023-09-07,true,false
CL-0422,UB-0022,2015-09-03,true,false
CL-0423,UB-0023,2022-12-09,true,true
CL-0424,UB-0024,2020-12-25,true,true
CL-0425,UB-0025,2022-08-10,true,false
CL-0426,UB-0026,2019-03-10,true,true
CL-0427,UB-0027,2023-07-10,true,true
CL-0428,UB-0028,2016-07-05,true,true
CL-0429,UB-0029,2021-06-18,true,true
CL-0430,UB-0030,2015-01-06,true,true
CL-0431,UB-0031,2020-08-30,true,true
CL-0432,UB-0032,2017-04-15,true,false
CL-0433,UB-0033,2016-02-23,true,true
CL-0434,UB-0034,2021-03-26,true,true
CL-0435,UB-0035,2015-04-20,true,true
CL-0436,UB-0036,2023-06-17,true,true
CL-0437,UB-0037,2016-02-29,true,true
CL-0438,UB-0038,2017-01-12,true,true
CL-0439,UB-0039,2015-09-26,true,true
CL-0440,UB-0040,2019-04-27,true,false
CL-0441,UB-0041,2021-08-14,true,true
CL-0442,UB-0042,2022-03-01,true,false
CL-0443,UB-0043,2022-09-26,true,false
CL-0444,UB-0044,2022-12-07,true,true
CL-0445,UB-0045,2023-02-19,true,true
CL-0446,UB-0046,2019-05-16,true,true
CL-0447,UB-0047,2019-09-10,true,true
CL-0448,UB-0048,2021-08-30,true,true
CL-0449,UB-0049,2020-09-25,true,false
CL-0450,UB-0050,2018-03-10,true,true
CL-0451,UB-0051,2017-03-07,true,false
CL-0452,UB-0052,2023-12-17,true,true
CL-0453,UB-0053,2021-08-29,true,true
CL-0454,UB-0054,2022-10-19,true,true
CL-0455,UB-0055,2021-02-05,true,true
CL-0456,UB-0056,2019-01-27,true,true
CL-0457,UB-0057,2021-06-18,true,false
CL-0458,UB-0058,2018-10-31,true,true
CL-0459,UB-0059,2020-06-20,true,false
CL-0460,UB-0060,2019-12-18,true,false
CL-0461,UB-0061,2018-10-01,true,true
CL-0462,UB-0062,2020-11-06,true,true
CL-0463,UB-0063,2019-03-22,true,true
CL-0464,UB-0064,2016-09-16,true,false
CL-0465,UB-0065,2017-12-08,true,true
CL-0466,UB-0066,2021-08-02,true,true
CL-0467,UB-0067,2016-03-13,true,true
CL-0468,UB-0068,2022-02-11,true,false
CL-0469,UB-0069,2020-12-23,true,true
CL-0470,UB-0070,2019-09-19,true,false
CL-0471,UB-0071,2021-11-30,true,false
CL-0472,UB-0072,2022-03-28,true,true
CL-0473,UB-0073,2019-05-09,true,true
CL-0474,UB-0074,2017-03-14,true,false
CL-0475,UB-0075,2016-09-05,true,true
CL-0476,UB-0076,2015-03-21,true,true
CL-0477,UB-0077,2020-09-29,true,false
CL-0478,UB-0078,2015-03-23,true,false
CL-0479,UB-0079,2018-11-23,true,false
CL-0480,UB-0080,2020-01-20,true,true
CL-0481,UB-0081,2021-01-19,true,false
CL-0482,UB-0082,2015-10-04,true,true
CL-0483,UB-0083,2021-11-22,true,true
CL-0484,UB-0084,2017-09-03,true,true
CL-0485,UB-0085,2022-10-15,true,true
CL-0486,UB-0086,2018-03-12,true,true
CL-0487,UB-0087,2016-02-08,true,true
CL-0488,UB-0088,2016-10-27,true,true
CL-0489,UB-0089,2021-07-25,true,true
CL-0490,UB-0090,2021-10-23,true,true
CL-0491,UB-0091,2019-06-21,true,true
CL-0492,UB-0092,2017-08-16,true,true
CL-0493,UB-0093,2017-02-16,true,false
CL-0494,UB-0094,2019-05-08,true,true
CL-0495,UB-0095,2023-09-21,true,false
CL-0496,UB-0096,2020-10-31,true,false
CL-0497,UB-0097,2021-01-18,true,true
CL-0498,UB-0098,2020-09-20,true,true
CL-0499,UB-0099,2020-12-27,true,true
CL-0500,UB-0100,2020-02-16,true,true
CL-0501,UB-0101,2018-03-30,true,true
CL-0502,UB-0102,2021-05-30,true,false
CL-0503,UB-0103,2023-10-28,true,true
CL-0504,UB-0104,2018-12-23,true,true
CL-0505,UB-0105,2022-11-08,true,true
CL-0506,UB-0106,2019-06-04,true,true
CL-0507,UB-0107,2023-06-28,true,true
CL-0508,UB-0108,2020-10-13,true,true
CL-0509,UB-0109,2019-11-19,true,true
CL-0510,UB-0110,2018-10-23,true,true
CL-0511,UB-0111,2021-09-01,true,true
CL-0512,UB-0112,2016-01-17,true,true
CL-0513,UB-0113,2023-01-10,true,true
CL-0514,UB-0114,2018-03-20,true,true
CL-0515,UB-0115,2022-06-19,true,false
CL-0516,UB-0116,2022-06-02,true,true
CL-0517,UB-0117,2015-06-12,true,true
CL-0518,UB-0118,2023-02-06,true,true
CL-0519,UB-0119,2019-03-13,true,true
CL-0520,UB-0120,2022-04-22,true,true
CL-0521,UB-0121,2016-10-03,true,false
CL-0522,UB-0122,2015-07-12,true,true
CL-0523,UB-0123,2022-10-16,true,true
CL-0524,UB-0124,2023-09-23,true,true
CL-0525,UB-0125,2020-11-19,true,true
CL-0526,UB-0126,2021-09-06,true,false
CL-0527,UB-0127,2021-06-18,true,true
CL-0528,UB-0128,2017-06-22,true,true
CL-0529,UB-0129,2023-01-05,true,true
CL-0530,UB-0130,2017-10-04,true,true
CL-0531,UB-0131,2016-12-22,true,false
CL-0532,UB-0132,2021-01-18,true,true
CL-0533,UB-0133,2019-08-19,true,true
CL-0534,UB-0134,2015-11-21,true,false
CL-0535,UB-0135,2023-10-21,true,true
CL-0536,UB-0136,2022-04-24,true,true
CL-0537,UB-0137,2023-03-08,true,false
CL-0538,UB-0138,2015-10-12,true,true
CL-0539,UB-0139,2022-01-31,true,false
CL-0540,UB-0140,2021-11-26,true,false
CL-0541,UB-0141,2022-11-17,true,true
CL-0542,UB-0142,2015-08-19,true,true
CL-0543,UB-0143,2017-03-03,true,true
CL-0544,UB-0144,2019-06-27,true,false
CL-0545,UB-0145,2019-08-05,true,true
CL-0546,UB-0146,2023-08-13,true,true
CL-0547,UB-0147,2020-07-27,true,false
CL-0548,UB-0148,2018-02-14,true,true
CL-0549,UB-0149,2015-02-18,true,true
CL-0550,UB-0150,2021-07-09,true,true
CL-0551,UB-0151,2019-10-23,true,true
CL-0552,UB-0152,2019-02-02,true,false
CL-0553,UB-0153,2015-09-23,true,true
CL-0554,UB-0154,2017-08-11,true,true
CL-0555,UB-0155,2018-12-31,true,false
CL-0556,UB-0156,2022-08-01,true,true
CL-0557,UB-0157,2019-02-02,true,true
CL-0558,UB-0158,2022-02-03,true,true
CL-0559,UB-0159,2018-10-19,true,true
CL-0560,UB-0160,2019-07-29,true,true
CL-0561,UB-0161,2020-10-05,true,false
CL-0562,UB-0162,2016-10-28,true,true
CL-0563,UB-0163,2015-02-01,true,false
CL-0564,UB-0164,2019-01-05,true,true
CL-0565,UB-0165,2018-08-06,true,true
CL-0566,UB-0166,2018-11-17,true,true
CL-0567,UB-0167,2015-07-19,true,true
CL-0568,UB-0168,2017-10-29,true,false
CL-0569,UB-0169,2023-12-14,true,true
CL-0570,UB-0170,2017-03-26,true,true
CL-0571,UB-0171,2021-09-05,true,true
CL-0572,UB-0172,2020-02-22,true,false
CL-0573,UB-0173,2022-06-03,true,true
CL-0574,UB-0174,2015-02-09,true,true
CL-0575,UB-0175,2019-01-20,true,true
CL-0576,UB-0176,2017-05-29,true,true
CL-0577,UB-0177,2021-12-11,true,true
CL-0578,UB-0178,2016-12-22,true,true
CL-0579,UB-0179,2017-03-09,true,true
CL-0580,UB-0180,2017-10-23,true,true
CL-0581,UB-0181,2016-06-14,true,true
CL-0582,UB-0182,2016-09-08,true,true
CL-0583,UB-0183,2015-02-21,true,false
CL-0584,UB-0184,2020-04-15,true,false
CL-0585,UB-0185,2019-06-13,true,true
CL-0586,UB-0186,2020-11-20,true,true
CL-0587,UB-0187,2022-09-24,true,true
CL-0588,UB-0188,2016-05-15,true,true
CL-0589,UB-0189,2020-11-08,true,true
CL-0590,UB-0190,2017-09-21,true,true
CL-0591,UB-0191,2021-07-20,true,true
CL-0592,UB-0192,2023-03-02,true,true
CL-0593,UB-0193,2017-12-02,true,false
CL-0594,UB-0194,2022-01-14,true,true
CL-0595,UB-0195,2023-08-30,true,true
CL-0596,UB-0196,2022-09-27,true,false
CL-0597,UB-0197,2021-04-07,true,true
CL-0598,UB-0198,2017-06-12,true,true
CL-0599,UB-0199,2017-12-12,true,true
CL-0600,UB-0200,2019-02-16,true,true
CL-0601,UB-0001,2020-12-10,true,true
CL-0602,UB-0002,2015-01-27,true,true
CL-0603,UB-0003,2021-11-17,true,true
CL-0604,UB-0004,2016-01-15,true,true
CL-0605,UB-0005,2016-04-11,true,true
CL-0606,UB-0006,2020-03-04,true,true
CL-0607,UB-0007,2017-08-12,true,true
CL-0608,UB-0008,2018-08-31,true,false
CL-0609,UB-0009,2018-09-08,true,false
CL-0610,UB-0010,2019-08-24,true,true
CL-0611,UB-0011,2017-02-13,true,true
CL-0612,UB-0012,2018-06-02,true,true
CL-0613,UB-0013,2022-07-28,true,true
CL-0614,UB-0014,2023-05-23,true,true
CL-0615,UB-0015,2023-07-12,true,true
CL-0616,UB-0016,2023-01-28,true,true
CL-0617,UB-0017,2021-03-14,true,true
CL-0618,UB-0018,2021-02-06,true,true
CL-0619,UB-0019,2017-03-16,true,true
CL-0620,UB-0020,2022-08-15,true,true
CL-0621,UB-0021,2017-04-17,true,true
CL-0622,UB-0022,2017-07-30,true,true
CL-0623,UB-0023,2020-11-17,true,false
CL-0624,UB-0024,2021-02-28,true,false
CL-0625,UB-0025,2022-01-20,true,true
CL-0626,UB-0026,2021-07-27,true,true
CL-0627,UB-0027,2021-10-02,true,true
CL-0628,UB-0028,2021-05-17,true,true
CL-0629,UB-0029,2015-10-05,true,true
CL-0630,UB-0030,2020-10-20,true,true
CL-0631,UB-0031,2018-08-17,true,true
CL-0632,UB-0032,2018-10-01,true,false
CL-0633,UB-0033,2018-11-02,true,true
CL-0634,UB-0034,2018-01-28,true,true
CL-0635,UB-0035,2016-06-30,true,true
CL-0636,UB-0036,2017-01-19,true,true
CL-0637,UB-0037,2015-08-03,true,false
CL-0638,UB-0038,2017-09-08,true,true
CL-0639,UB-0039,2020-03-12,true,false
CL-0640,UB-0040,2020-11-16,true,true
CL-0641,UB-0041,2018-04-18,true,true
CL-0642,UB-0042,2020-12-12,true,true
CL-0643,UB-0043,2015-07-03,true,true
CL-0644,UB-0044,2022-06-29,true,true
CL-0645,UB-0045,2021-11-01,true,false
CL-0646,UB-0046,2016-07-31,true,true
CL-0647,UB-0047,2022-01-22,true,true
CL-0648,UB-0048,2019-09-25,true,true
CL-0649,UB-0049,2022-02-16,true,true
CL-0650,UB-0050,2020-06-24,true,true
CL-0651,UB-0051,2021-06-02,true,true
CL-0652,UB-0052,2020-09-21,true,false
CL-0653,UB-0053,2017-11-07,true,true
CL-0654,UB-0054,2023-10-18,true,false
CL-0655,UB-0055,2017-09-25,true,true
CL-0656,UB-0056,2017-03-26,true,true
CL-0657,UB-0057,2019-10-27,true,true
CL-0658,UB-0058,2018-01-12,true,true
CL-0659,UB-0059,2021-07-29,true,true
CL-0660,UB-0060,2023-04-09,true,true
CL-0661,UB-0061,2021-05-03,true,true
CL-0662,UB-0062,2023-10-25,true,true
CL-0663,UB-0063,2021-07-01,true,true
CL-0664,UB-0064,2022-07-25,true,true
CL-0665,UB-0065,2016-02-13,true,false
CL-0666,UB-0066,2015-08-02,true,true
CL-0667,UB-0067,2020-06-21,true,true
CL-0668,UB-0068,2017-07-23,true,true
CL-0669,UB-0069,2016-11-11,true,true
CL-0670,UB-0070,2017-01-15,true,true
CL-0671,UB-0071,2019-02-14,true,true
CL-0672,UB-0072,2018-03-02,true,false
CL-0673,UB-0073,2021-04-28,true,false
CL-0674,UB-0074,2016-08-31,true,false
CL-0675,UB-0075,2015-10-31,true,false
CL-0676,UB-0076,2022-10-28,true,true
CL-0677,UB-0077,2019-10-14,true,true
CL-0678,UB-0078,2023-05-14,true,false
CL-0679,UB-0079,2019-07-17,true,true
CL-0680,UB-0080,2015-05-04,true,true
CL-0681,UB-0081,2015-03-01,true,true
CL-0682,UB-0082,2018-06-17,true,false
CL-0683,UB-0083,2023-06-14,true,true
CL-0684,UB-0084,2020-07-24,true,false
CL-0685,UB-0085,2017-11-01,true,false
CL-0686,UB-0086,2019-08-11,true,true
CL-0687,UB-0087,2023-04-28,true,true
CL-0688,UB-0088,2022-05-31,true,true
CL-0689,UB-0089,2018-12-05,true,true
CL-0690,UB-0090,2017-05-04,true,true
CL-0691,UB-0091,2021-05-09,true,true
CL-0692,UB-0092,2022-05-31,true,false
CL-0693,UB-0093,2015-06-08,true,true
CL-0694,UB-0094,2018-12-01,true,false
CL-0695,UB-0095,2018-06-20,true,false
CL-0696,UB-0096,2017-06-28,true,true
CL-0697,UB-0097,2018-03-17,true,true
CL-0698,UB-0098,2022-03-07,true,true
CL-0699,UB-0099,2017-05-18,true,false
CL-0700,UB-0100,2021-01-19,true,false
CL-0701,UB-0101,2015-07-25,true,true
CL-0702,UB-0102,2021-12-23,true,true
CL-0703,UB-0103,2023-11-10,true,true
CL-0704,UB-0104,2018-01-12,true,true
CL-0705,UB-0105,2019-01-04,true,false
CL-0706,UB-0106,2017-07-08,true,true
CL-0707,UB-0107,2015-04-19,true,true
CL-0708,UB-0108,2022-06-26,true,false
CL-0709,UB-0109,2020-02-06,true,true
CL-0710,UB-0110,2022-06-12,true,true
CL-0711,UB-0111,2017-10-17,true,true
CL-0712,UB-0112,2021-11-23,true,true
CL-0713,UB-0113,2018-07-22,true,true
CL-0714,UB-0114,2021-08-27,true,true
CL-0715,UB-0115,2019-12-11,true,true
CL-0716,UB-0116,2015-05-01,true,true
CL-0717,UB-0117,2017-01-16,true,true
CL-0718,UB-0118,2018-07-23,true,false
CL-0719,UB-0119,2016-07-23,true,true
CL-0720,UB-0120,2020-05-27,true,true
CL-0721,UB-0121,2022-11-12,true,false
CL-0722,UB-0122,2016-07-24,true,true
CL-0723,UB-0123,2017-03-28,true,true
CL-0724,UB-0124,2020-12-02,true,true
CL-0725,UB-0125,2016-04-02,true,true
CL-0726,UB-0126,2020-03-31,true,false
CL-0727,UB-0127,2021-04-21,true,false
CL-0728,UB-0128,2023-06-27,true,true
CL-0729,UB-0129,2017-02-15,true,true
CL-0730,UB-0130,2016-02-29,true,true
CL-0731,UB-0131,2020-09-07,true,false
CL-0732,UB-0132,2023-09-23,true,true
CL-0733,UB-0133,2018-05-05,true,true
CL-0734,UB-0134,2018-08-06,true,false
CL-0735,UB-0135,2018-07-10,true,true
CL-0736,UB-0136,2022-03-20,true,true
CL-0737,UB-0137,2019-02-09,true,true
CL-0738,UB-0138,2015-10-20,true,true
CL-0739,UB-0139,2022-11-25,true,true
CL-0740,UB-0140,2022-04-23,true,true
CL-0741,UB-0141,2018-10-16,true,true
CL-0742,UB-0142,2023-11-19,true,true
CL-0743,UB-0143,2018-06-23,true,true
CL-0744,UB-0144,2018-04-30,true,false
CL-0745,UB-0145,2018-09-08,true,true
CL-0746,UB-0146,2021-05-19,true,true
CL-0747,UB-0147,2021-02-25,true,true
CL-0748,UB-0148,2015-12-06,true,true
CL-0749,UB-0149,2016-12-03,true,false
CL-0750,UB-0150,2022-12-21,true,true
CL-0751,UB-0151,2015-12-12,true,false
CL-0752,UB-0152,2022-08-11,true,true
CL-0753,UB-0153,2019-11-17,true,true
CL-0754,UB-0154,2015-06-15,true,true
CL-0755,UB-0155,2023-07-24,true,true
CL-0756,UB-0156,2015-02-09,true,false
CL-0757,UB-0157,2015-01-28,true,false
CL-0758,UB-0158,2021-01-09,true,true
CL-0759,UB-0159,2023-11-13,true,true
CL-0760,UB-0160,2016-10-28,true,false
CL-0761,UB-0161,2015-07-26,true,true
CL-0762,UB-0162,2015-04-01,true,true
CL-0763,UB-0163,2016-10-16,true,false
CL-0764,UB-0164,2018-02-14,true,true
CL-0765,UB-0165,2015-02-09,true,true
CL-0766,UB-0166,2020-11-07,true,true
CL-0767,UB-0167,2018-04-27,true,true
CL-0768,UB-0168,2018-07-19,true,false
CL-0769,UB-0169,2015-11-05,true,true
CL-0770,UB-0170,2020-05-30,true,false
CL-0771,UB-0171,2018-10-09,true,false
CL-0772,UB-0172,2021-11-25,true,true
CL-0773,UB-0173,2023-02-06,true,false
CL-0774,UB-0174,2015-04-01,true,true
CL-0775,UB-0175,2023-04-26,true,true
CL-0776,UB-0176,2022-08-16,true,true
CL-0777,UB-0177,2019-12-19,true,true
CL-0778,UB-0178,2015-09-23,true,true
CL-0779,UB-0179,2017-07-15,true,false
CL-0780,UB-0180,2021-10-18,true,true
CL-0781,UB-0181,2022-06-01,true,true
CL-0782,UB-0182,2017-06-18,true,false
CL-0783,UB-0183,2016-05-30,true,true
CL-0784,UB-0184,2023-04-14,true,true
CL-0785,UB-0185,2016-07-05,true,false
CL-0786,UB-0186,2020-06-27,true,true
CL-0787,UB-0187,2018-10-30,true,true
CL-0788,UB-0188,2017-05-26,true,true
CL-0789,UB-0189,2020-07-12,true,false
CL-0790,UB-0190,2022-11-15,true,true
CL-0791,UB-0191,2020-04-09,true,true
CL-0792,UB-0192,2023-07-23,true,true
CL-0793,UB-0193,2015-02-22,true,true
CL-0794,UB-0194,2021-09-02,true,false
CL-0795,UB-0195,2021-06-28,true,true
CL-0796,UB-0196,2021-11-28,true,false
CL-0797,UB-0197,2021-03-28,true,true
CL-0798,UB-0198,2021-05-24,true,true
CL-0799,UB-0199,2015-03-09,true,true
CL-0800,UB-0200,2016-07-30,true,true
CL-0801,UB-0001,2022-01-02,true,false
CL-0802,UB-0002,2020-01-07,true,true
CL-0803,UB-0003,2016-01-26,true,true
CL-0804,UB-0004,2018-11-27,true,true
CL-0805,UB-0005,2018-11-25,true,false
CL-0806,UB-0006,2022-03-25,true,false
CL-0807,UB-0007,2019-09-09,true,true
CL-0808,UB-0008,2022-10-14,true,true
CL-0809,UB-0009,2020-10-10,true,false
CL-0810,UB-0010,2020-02-18,true,false
CL-0811,UB-0011,2019-10-21,true,true
CL-0812,UB-0012,2015-02-27,true,true
CL-0813,UB-0013,2021-10-30,true,true
CL-0814,UB-0014,2021-04-13,true,false
CL-0815,UB-0015,2016-12-20,true,false
CL-0816,UB-0016,2017-05-11,true,true
CL-0817,UB-0017,2020-12-11,true,true
CL-0818,UB-0018,2016-05-14,true,true
CL-0819,UB-0019,2020-03-01,true,true
CL-0820,UB-0020,2022-07-11,true,true
CL-0821,UB-0021,2019-07-21,true,true
CL-0822,UB-0022,2021-12-24,true,true
CL-0823,UB-0023,2018-03-29,true,true
CL-0824,UB-0024,2021-04-07,true,true
CL-0825,UB-0025,2020-08-12,true,true
CL-0826,UB-0026,2015-02-14,true,false
CL-0827,UB-0027,2020-07-02,true,false
CL-0828,UB-0028,2023-12-16,true,true
CL-0829,UB-0029,2015-04-21,true,true
CL-0830,UB-0030,2016-01-12,true,true
CL-0831,UB-0031,2015-03-11,true,true
CL-0832,UB-0032,2018-05-07,true,true
CL-0833,UB-0033,2021-07-28,true,true
CL-0834,UB-0034,2015-03-12,true,true
CL-0835,UB-0035,2018-03-13,true,true
CL-0836,UB-0036,2015-08-17,true,true
CL-0837,UB-0037,2021-03-04,true,true
CL-0838,UB-0038,2021-03-04,true,true
CL-0839,UB-0039,2016-07-22,true,false
CL-0840,UB-0040,2019-02-09,true,true
CL-0841,UB-0041,2017-08-02,true,true
CL-0842,UB-0042,2018-04-29,true,true
CL-0843,UB-0043,2021-10-13,true,true
CL-0844,UB-0044,2020-06-14,true,true
CL-0845,UB-0045,2020-08-25,true,false
CL-0846,UB-0046,2018-12-06,true,false
CL-0847,UB-0047,2017-09-26,true,true
CL-0848,UB-0048,2018-11-05,true,true
CL-0849,UB-0049,2020-04-22,true,true
CL-0850,UB-0050,2017-05-08,true,true
CL-0851,UB-0051,2023-11-08,true,true
CL-0852,UB-0052,2021-09-21,true,true
CL-0853,UB-0053,2018-08-25,true,true
CL-0854,UB-0054,2018-12-20,true,true
CL-0855,UB-0055,2023-11-06,true,true
CL-0856,UB-0056,2017-07-27,true,true
CL-0857,UB-0057,2019-11-20,true,true
CL-0858,UB-0058,2022-10-16,true,true
CL-0859,UB-0059,2015-10-22,true,false
CL-0860,UB-0060,2021-06-12,true,true
CL-0861,UB-0061,2020-04-15,true,true
CL-0862,UB-0062,2018-01-27,true,true
CL-0863,UB-0063,2017-10-14,true,false
CL-0864,UB-0064,2020-06-09,true,true
CL-0865,UB-0065,2022-09-27,true,true
CL-0866,UB-0066,2017-01-30,true,true
CL-0867,UB-0067,2016-07-14,true,true
CL-0868,UB-0068,2016-05-20,true,true
CL-0869,UB-0069,2017-08-20,true,true
CL-0870,UB-0070,2020-01-29,true,true
CL-0871,UB-0071,2015-02-03,true,true
CL-0872,UB-0072,2016-10-01,true,true
CL-0873,UB-0073,2022-04-18,true,true
CL-0874,UB-0074,2020-11-21,true,true
CL-0875,UB-0075,2020-12-26,true,true
CL-0876,UB-0076,2020-04-25,true,true
CL-0877,UB-0077,2022-08-09,true,false
CL-0878,UB-0078,2022-07-28,true,true
CL-0879,UB-0079,2015-05-05,true,false
CL-0880,UB-0080,2018-12-13,true,false
CL-0881,UB-0081,2019-10-01,true,true
CL-0882,UB-0082,2016-04-14,true,false
CL-0883,UB-0083,2020-11-17,true,true
CL-0884,UB-0084,2015-04-10,true,true
CL-0885,UB-0085,2019-04-30,true,true
CL-0886,UB-0086,2022-05-20,true,true
CL-0887,UB-0087,2020-04-25,true,true
CL-0888,UB-0088,2020-03-07,true,true
CL-0889,UB-0089,2016-07-25,true,true
CL-0890,UB-0090,2019-05-29,true,false
CL-0891,UB-0091,2022-03-05,true,true
CL-0892,UB-0092,2017-04-21,true,true
CL-0893,UB-0093,2023-03-14,true,true
CL-0894,UB-0094,2016-04-21,true,true
CL-0895,UB-0095,2018-10-02,true,true
CL-0896,UB-0096,2022-05-30,true,true
CL-0897,UB-0097,2016-11-24,true,true
CL-0898,UB-0098,2022-06-16,true,true
CL-0899,UB-0099,2023-02-10,true,true
CL-0900,UB-0100,2022-10-21,true,true
CL-0901,UB-0101,2021-10-01,true,false
CL-0902,UB-0102,2023-04-25,true,true
CL-0903,UB-0103,2017-02-05,true,true
CL-0904,UB-0104,2021-03-20,true,true
CL-0905,UB-0105,2023-07-04,true,true
CL-0906,UB-0106,2021-01-01,true,true
CL-0907,UB-0107,2015-12-30,true,true
CL-0908,UB-0108,2015-12-05,true,true
CL-0909,UB-0109,2021-06-06,true,true
CL-0910,UB-0110,2016-03-01,true,true
CL-0911,UB-0111,2018-05-11,true,true
CL-0912,UB-0112,2022-11-14,true,false
CL-0913,UB-0113,2020-01-16,true,true
CL-0914,UB-0114,2022-02-26,true,false
CL-0915,UB-0115,2015-02-09,true,true
CL-0916,UB-0116,2017-10-26,true,true
CL-0917,UB-0117,2015-05-19,true,false
CL-0918,UB-0118,2017-04-01,true,true
CL-0919,UB-0119,2019-05-03,true,true
CL-0920,UB-0120,2021-04-18,true,true
CL-0921,UB-0121,2015-11-19,true,false
CL-0922,UB-0122,2021-10-09,true,false
CL-0923,UB-0123,2020-04-15,true,true
CL-0924,UB-0124,2017-09-26,true,true
CL-0925,UB-0125,2021-09-01,true,true
CL-0926,UB-0126,2023-02-01,true,false
CL-0927,UB-0127,2017-07-06,true,true
CL-0928,UB-0128,2022-05-28,true,true
CL-0929,UB-0129,2019-10-17,true,true
CL-0930,UB-0130,2021-07-11,true,false
CL-0931,UB-0131,2017-09-25,true,true
CL-0932,UB-0132,2018-09-02,true,true
CL-0933,UB-0133,2019-10-01,true,true
CL-0934,UB-0134,2021-09-12,true,true
CL-0935,UB-0135,2021-08-13,true,true
CL-0936,UB-0136,2015-10-23,true,true
CL-0937,UB-0137,2015-11-05,true,false
CL-0938,UB-0138,2015-12-08,true,true
CL-0939,UB-0139,2018-12-15,true,true
CL-0940,UB-0140,2019-03-16,true,true
CL-0941,UB-0141,2023-06-14,true,true
CL-0942,UB-0142,2020-10-14,true,true
CL-0943,UB-0143,2015-04-04,true,true
CL-0944,UB-0144,2021-03-24,true,false
CL-0945,UB-0145,2020-07-28,true,false
CL-0946,UB-0146,2018-01-01,true,true
CL-0947,UB-0147,2021-09-27,true,true
CL-0948,UB-0148,2015-04-02,true,true
CL-0949,UB-0149,2023-08-22,true,true
CL-0950,UB-0150,2017-01-17,true,true
CL-0951,UB-0151,2020-11-24,true,true
CL-0952,UB-0152,2017-08-19,true,true
CL-0953,UB-0153,2017-10-14,true,true
CL-0954,UB-0154,2017-03-25,true,false
CL-0955,UB-0155,2018-09-16,true,true
CL-0956,UB-0156,2019-07-02,true,false
CL-0957,UB-0157,2023-12-11,true,true
CL-0958,UB-0158,2022-11-19,true,true
CL-0959,UB-0159,2016-11-13,true,true
CL-0960,UB-0160,2019-07-23,true,true
CL-0961,UB-0161,2021-10-07,true,true
CL-0962,UB-0162,2020-12-23,true,true
CL-0963,UB-0163,2023-12-20,true,true
CL-0964,UB-0164,2018-10-22,true,false
CL-0965,UB-0165,2022-11-20,true,true
CL-0966,UB-0166,2020-11-04,true,true
CL-0967,UB-0167,2019-02-22,true,true
CL-0968,UB-0168,2019-01-06,true,true
CL-0969,UB-0169,2017-05-25,true,true
CL-0970,UB-0170,2022-08-15,true,true
CL-0971,UB-0171,2018-02-28,true,false
CL-0972,UB-0172,2017-11-07,true,true
CL-0973,UB-0173,2018-04-11,true,true
CL-0974,UB-0174,2021-08-13,true,true
CL-0975,UB-0175,2017-04-02,true,true
CL-0976,UB-0176,2016-08-06,true,true
CL-0977,UB-0177,2023-08-10,true,true
CL-0978,UB-0178,2016-10-02,true,true
CL-0979,UB-0179,2018-06-11,true,true
CL-0980,UB-0180,2021-04-16,true,true
CL-0981,UB-0181,2017-10-25,true,false
CL-0982,UB-0182,2015-03-16,true,true
CL-0983,UB-0183,2018-06-16,true,true
CL-0984,UB-0184,2020-12-10,true,true
CL-0985,UB-0185,2015-02-14,true,false
CL-0986,UB-0186,2017-07-12,true,true
CL-0987,UB-0187,2020-07-01,true,true
CL-0988,UB-0188,2016-11-23,true,true
CL-0989,UB-0189,2020-08-06,true,true
CL-0990,UB-0190,2023-06-21,true,true
CL-0991,UB-0191,2023-04-18,true,true
CL-0992,UB-0192,2015-04-07,true,true
CL-0993,UB-0193,2017-03-08,true,true
CL-0994,UB-0194,2022-10-24,true,true
CL-0995,UB-0195,2020-02-25,true,true
CL-0996,UB-0196,2015-04-06,true,true
CL-0997,UB-0197,2020-02-20,true,true
CL-0998,UB-0198,2019-07-31,true,true
CL-0999,UB-0199,2018-08-18,true,true
CL-1000,UB-0200,2016-12-05,true,true
