clienteId,tarjetaId,fechaAsignacion,esTitular,limitePersonal
CL-0001,TJ-0001,2021-01-16,true,12524.94
CL-0002,TJ-0002,2022-04-24,true,18019.28
CL-0003,TJ-0003,2020-12-23,true,48301.02
CL-0004,TJ-0004,2021-07-11,true,4934.33
CL-0005,TJ-0005,2023-10-06,true,30784.88
CL-0006,TJ-0006,2023-08-15,true,6905.08
CL-0007,TJ-0007,2023-06-19,true,25528.68
CL-0008,TJ-0008,2021-09-15,true,43076.96
CL-0009,TJ-0009,2018-09-24,true,49551.64
CL-0010,TJ-0010,2019-04-07,true,17971.39
CL-0011,TJ-0011,2020-09-03,true,20634.59
CL-0012,TJ-0012,2018-06-17,true,44732.78
CL-0013,TJ-0013,2020-05-24,true,14216.2
CL-0014,TJ-0014,2020-11-16,true,27158.08
CL-0015,TJ-0015,2020-04-19,true,2402.34
CL-0016,TJ-0016,2021-03-07,true,31233.9
CL-0017,TJ-0017,2018-07-22,true,26701.1
CL-0018,TJ-0018,2018-10-12,true,2639.5
CL-0019,TJ-0019,2018-01-24,true,21403.56
CL-0020,TJ-0020,2021-08-27,true,20635.65
CL-0021,TJ-0021,2019-01-18,true,30541.02
CL-0022,TJ-0022,2020-06-03,true,10222.14
CL-0023,TJ-0023,2020-02-20,true,5202.22
CL-0024,TJ-0024,2023-04-12,true,29866.06
CL-0025,TJ-0025,2019-11-21,true,20078.49
CL-0026,TJ-0026,2022-04-26,true,15115.08
CL-0027,TJ-0027,2020-08-31,true,35673.16
CL-0028,TJ-0028,2023-01-05,true,18002.26
CL-0029,TJ-0029,2021-10-11,true,28632.38
CL-0030,TJ-0030,2018-04-21,true,33118.56
CL-0031,TJ-0031,2022-10-30,true,14626.37
CL-0032,TJ-0032,2023-10-15,true,6651.17
CL-0033,TJ-0033,2022-03-19,true,22923.38
CL-0034,TJ-0034,2018-08-24,true,29185.99
CL-0035,TJ-0035,2022-12-14,true,31568.51
CL-0036,TJ-0036,2022-02-22,true,5799.6
CL-0037,TJ-0037,2021-08-28,true,30660.15
CL-0038,TJ-0038,2018-04-15,true,27475.1
CL-0039,TJ-0039,2021-09-06,true,11541.85
CL-0040,TJ-0040,2023-08-06,true,15175.86
CL-0041,TJ-0041,2021-01-17,true,18339.47
CL-0042,TJ-0042,2022-01-03,true,35927.02
CL-0043,TJ-0043,2020-03-12,true,30103.53
CL-0044,TJ-0044,2018-12-15,true,26736.3
CL-0045,TJ-0045,2022-11-16,true,19875.58
CL-0046,TJ-0046,2021-09-22,true,13548.18
CL-0047,TJ-0047,2020-10-03,true,13532.38
CL-0048,TJ-0048,2023-03-09,true,47817.48
CL-0049,TJ-0049,2019-03-11,true,39859.39
CL-0050,TJ-0050,2022-08-08,true,26343.3
CL-0051,TJ-0051,2023-10-07,true,36871.92
CL-0052,TJ-0052,2018-01-30,true,23979.1
CL-0053,TJ-0053,2022-03-20,true,49669.54
CL-0054,TJ-0054,2020-09-03,true,9615.99
CL-0055,TJ-0055,2018-11-28,true,30312.9
CL-0056,TJ-0056,2018-06-13,true,31780.74
CL-0057,TJ-0057,2020-06-11,true,2121.04
CL-0058,TJ-0058,2023-11-22,true,6912.74
CL-0059,TJ-0059,2022-10-02,true,7300.4
CL-0060,TJ-0060,2019-12-09,true,17025.98
CL-0061,TJ-0061,2023-12-16,true,27669.31
CL-0062,TJ-0062,2018-12-14,true,32694.34
CL-0063,TJ-0063,2019-04-22,true,9105.32
CL-0064,TJ-0064,2022-12-07,true,23704.83
CL-0065,TJ-0065,2019-02-08,true,44252.12
CL-0066,TJ-0066,2019-01-26,true,27730.41
CL-0067,TJ-0067,2023-01-17,true,49876.87
CL-0068,TJ-0068,2020-12-25,true,16241.85
CL-0069,TJ-0069,2020-12-14,true,20062.6
CL-0070,TJ-0070,2022-11-16,true,39376.3
CL-0071,TJ-0071,2018-03-21,true,3993.82
CL-0072,TJ-0072,2019-07-24,true,40419.32
CL-0073,TJ-0073,2021-11-14,true,30805.03
CL-0074,TJ-0074,2022-08-12,true,16462.77
CL-0075,TJ-0075,2019-01-14,true,9997.65
CL-0076,TJ-0076,2020-11-17,true,15614.7
CL-0077,TJ-0077,2021-12-04,true,27708.1
CL-0078,TJ-0078,2022-12-10,true,28840.72
CL-0079,TJ-0079,2021-12-16,true,5298.42
CL-0080,TJ-0080,2022-05-21,true,4124.56
CL-0081,TJ-0081,2018-03-15,true,48545.07
CL-0082,TJ-0082,2018-10-01,true,49331.66
CL-0083,TJ-0083,2020-12-19,true,2374.52
CL-0084,TJ-0084,2018-03-29,true,17401.75
CL-0085,TJ-0085,2021-05-16,true,16251.8
CL-0086,TJ-0086,2022-09-28,true,9328.15
CL-0087,TJ-0087,2022-03-13,true,8089.01
CL-0088,TJ-0088,2019-03-25,true,21629.19
CL-0089,TJ-0089,2020-10-05,true,28031.16
CL-0090,TJ-0090,2023-02-14,true,41017.77
CL-0091,TJ-0091,2020-06-08,true,39913.65
CL-0092,TJ-0092,2018-07-17,true,23416.89
CL-0093,TJ-0093,2022-07-12,true,20128.34
CL-0094,TJ-0094,2022-07-06,true,24817.25
CL-0095,TJ-0095,2019-09-14,true,42495.65
CL-0096,TJ-0096,2021-05-03,true,9905.06
CL-0097,TJ-0097,2020-09-12,true,6085.58
CL-0098,TJ-0098,2021-08-06,true,24560.01
CL-0099,TJ-0099,2023-07-16,true,1443.69
CL-0100,TJ-0100,2021-11-22,true,39396.21
CL-0101,TJ-0101,2018-09-27,true,6020.91
CL-0102,TJ-0102,2019-06-21,true,14595.26
CL-0103,TJ-0103,2018-08-28,true,39989.45
CL-0104,TJ-0104,2022-11-28,true,27982.48
CL-0105,TJ-0105,2022-11-20,true,11963.18
CL-0106,TJ-0106,2018-06-24,true,34104.78
CL-0107,TJ-0107,2022-09-23,true,37011.55
CL-0108,TJ-0108,2018-07-19,true,43845.42
CL-0109,TJ-0109,2019-07-24,true,49597.95
CL-0110,TJ-0110,2023-02-26,true,6868.35
CL-0111,TJ-0111,2022-09-10,true,21341.24
CL-0112,TJ-0112,2020-04-25,true,42970.69
CL-0113,TJ-0113,2020-07-26,true,18548.13
CL-0114,TJ-0114,2022-09-15,true,1059.92
CL-0115,TJ-0115,2023-03-04,true,49871.97
CL-0116,TJ-0116,2023-01-07,true,9496.62
CL-0117,TJ-0117,2022-09-03,true,17822.27
CL-0118,TJ-0118,2023-08-31,true,4299.45
CL-0119,TJ-0119,2020-04-15,true,7231.51
CL-0120,TJ-0120,2022-11-16,true,5830.83
CL-0121,TJ-0121,2021-10-06,true,33128.57
CL-0122,TJ-0122,2020-11-30,true,46950.03
CL-0123,TJ-0123,2023-01-28,true,46100.75
CL-0124,TJ-0124,2018-01-23,true,5029.4
CL-0125,TJ-0125,2019-06-09,true,11477.79
CL-0126,TJ-0126,2019-06-28,true,32538.51
CL-0127,TJ-0127,2018-08-24,true,3525.06
CL-0128,TJ-0128,2021-08-21,true,43249.77
CL-0129,TJ-0129,2020-07-01,true,3111.36
CL-0130,TJ-0130,2022-06-23,true,24081.26
CL-0131,TJ-0131,2021-06-19,true,1836.6
CL-0132,TJ-0132,2023-01-31,true,5600.68
CL-0133,TJ-0133,2022-03-05,true,11783.95
CL-0134,TJ-0134,2019-04-09,true,38248.54
CL-0135,TJ-0135,2021-10-25,true,20776.79
CL-0136,TJ-0136,2023-09-09,true,11776.13
CL-0137,TJ-0137,2022-08-26,true,9707.56
CL-0138,TJ-0138,2023-03-03,true,17634.75
CL-0139,TJ-0139,2019-03-13,true,39055.8
CL-0140,TJ-0140,2020-11-25,true,27603.4
CL-0141,TJ-0141,2020-08-27,true,12649.88
CL-0142,TJ-0142,2021-03-24,true,28572.9
CL-0143,TJ-0143,2019-03-30,true,17886.48
CL-0144,TJ-0144,2022-08-27,true,13417.22
CL-0145,TJ-0145,2023-11-04,true,23873.99
CL-0146,TJ-0146,2018-09-16,true,19532.13
CL-0147,TJ-0147,2020-03-06,true,32823.76
CL-0148,TJ-0148,2020-05-07,true,36214.18
CL-0149,TJ-0149,2020-04-29,true,49742.59
CL-0150,TJ-0150,2019-10-22,true,5707.47
CL-0151,TJ-0151,2023-10-05,true,3270.93
CL-0152,TJ-0152,2018-01-13,true,5686.96
CL-0153,TJ-0153,2019-10-01,true,43597.77
CL-0154,TJ-0154,2018-12-09,true,41759.09
CL-0155,TJ-0155,2021-10-01,true,17474.65
CL-0156,TJ-0156,2020-12-12,true,48475.78
CL-0157,TJ-0157,2018-12-25,true,44987.29
CL-0158,TJ-0158,2022-02-15,true,5921.08
CL-0159,TJ-0159,2019-03-02,true,27692.07
CL-0160,TJ-0160,2020-02-20,true,48170.32
CL-0161,TJ-0161,2020-03-09,true,15227.94
CL-0162,TJ-0162,2018-11-16,true,23988.92
CL-0163,TJ-0163,2018-10-24,true,30051.63
CL-0164,TJ-0164,2021-05-30,true,14041.49
CL-0165,TJ-0165,2021-11-01,true,31845.48
CL-0166,TJ-0166,2023-04-24,true,44879.75
CL-0167,TJ-0167,2022-05-10,true,46468.97
CL-0168,TJ-0168,2022-03-24,true,8376.59
CL-0169,TJ-0169,2020-04-05,true,21137.83
CL-0170,TJ-0170,2019-02-27,true,6018.48
CL-0171,TJ-0171,2019-05-19,true,37740.13
CL-0172,TJ-0172,2018-06-26,true,12179.58
CL-0173,TJ-0173,2022-02-11,true,34808.27
CL-0174,TJ-0174,2023-05-19,true,34905.96
CL-0175,TJ-0175,2019-05-16,true,31970.97
CL-0176,TJ-0176,2022-12-26,true,17698.48
CL-0177,TJ-0177,2021-11-12,true,48995.03
CL-0178,TJ-0178,2019-12-09,true,11201.33
CL-0179,TJ-0179,2018-01-24,true,3318.08
CL-0180,TJ-0180,2019-06-19,true,10060.86
CL-0181,TJ-0181,2020-01-01,true,7324.18
CL-0182,TJ-0182,2023-01-18,true,5486.5
CL-0183,TJ-0183,2022-04-27,true,16244.57
CL-0184,TJ-0184,2020-06-08,true,33441.37
CL-0185,TJ-0185,2020-02-28,true,37062.13
CL-0186,TJ-0186,2021-12-27,true,45889.48
CL-0187,TJ-0187,2023-01-24,true,31717.22
CL-0188,TJ-0188,2019-10-17,true,45974.23
CL-0189,TJ-0189,2018-09-28,true,4366.82
CL-0190,TJ-0190,2019-07-01,true,47970.02
CL-0191,TJ-0191,2019-10-25,true,22654.61
CL-0192,TJ-0192,2018-02-05,true,42083.34
CL-0193,TJ-0193,2020-05-19,true,36546.32
CL-0194,TJ-0194,2022-09-24,true,40780.33
CL-0195,TJ-0195,2022-10-24,true,31897.15
CL-0196,TJ-0196,2019-05-30,true,3325.89
CL-0197,TJ-0197,2019-04-23,true,36657.08
CL-0198,TJ-0198,2019-01-18,true,25434.5
CL-0199,TJ-0199,2020-10-02,true,4682.84
CL-0200,TJ-0200,2018-11-15,true,2965.96
CL-0201,TJ-0201,2019-04-15,true,2513.26
CL-0202,TJ-0202,2020-12-10,true,20225.68
CL-0203,TJ-0203,2018-07-16,true,41215.18
CL-0204,TJ-0204,2020-02-01,true,32766.69
CL-0205,TJ-0205,2018-07-11,true,16255.66
CL-0206,TJ-0206,2021-10-26,true,41574.54
CL-0207,TJ-0207,2022-09-07,true,27207.31
CL-0208,TJ-0208,2022-06-29,true,35793.25
CL-0209,TJ-0209,2018-12-31,true,2022.58
CL-0210,TJ-0210,2022-01-07,true,11317.42
CL-0211,TJ-0211,2020-01-14,true,7637.37
CL-0212,TJ-0212,2023-12-09,true,12274.72
CL-0213,TJ-0213,2020-01-19,true,37153.25
CL-0214,TJ-0214,2018-02-03,true,9159.71
CL-0215,TJ-0215,2020-05-28,true,9887.83
CL-0216,TJ-0216,2021-01-02,true,26911.43
CL-0217,TJ-0217,2018-04-02,true,25094.1
CL-0218,TJ-0218,2022-08-04,true,30329.89
CL-0219,TJ-0219,2022-11-20,true,18487.98
CL-0220,TJ-0220,2023-04-22,true,39923.24
CL-0221,TJ-0221,2021-07-12,true,16281.56
CL-0222,TJ-0222,2021-12-14,true,48167.33
CL-0223,TJ-0223,2019-11-04,true,28152.32
CL-0224,TJ-0224,2019-02-14,true,13559.27
CL-0225,TJ-0225,2020-08-24,true,38365.7
CL-0226,TJ-0226,2019-11-12,true,43803.71
CL-0227,TJ-0227,2021-04-25,true,17782.45
CL-0228,TJ-0228,2020-08-26,true,13699.31
CL-0229,TJ-0229,2020-12-07,true,29516.32
CL-0230,TJ-0230,2018-09-27,true,47507.57
CL-0231,TJ-0231,2022-07-22,true,2669.11
CL-0232,TJ-0232,2023-09-18,true,14002.87
CL-0233,TJ-0233,2023-03-22,true,27662.45
CL-0234,TJ-0234,2019-05-09,true,28342.81
CL-0235,TJ-0235,2019-08-17,true,9004.35
CL-0236,TJ-0236,2020-12-27,true,34272.34
CL-0237,TJ-0237,2021-04-01,true,14643.34
CL-0238,TJ-0238,2021-05-22,true,27257.52
CL-0239,TJ-0239,2023-11-22,true,18400.02
CL-0240,TJ-0240,2022-06-07,true,39136.82
CL-0241,TJ-0241,2021-06-25,true,15759.45
CL-0242,TJ-0242,2021-09-07,true,4938.42
CL-0243,TJ-0243,2020-12-11,true,9679.07
CL-0244,TJ-0244,2022-02-16,true,23709.97
CL-0245,TJ-0245,2019-01-17,true,13579.48
CL-0246,TJ-0246,2022-04-04,true,36177.13
CL-0247,TJ-0247,2023-05-19,true,4146.57
CL-0248,TJ-0248,2020-04-11,true,39675.7
CL-0249,TJ-0249,2018-12-16,true,14221.1
CL-0250,TJ-0250,2024-01-01,true,7352.75
CL-0251,TJ-0251,2022-07-10,true,39502.55
CL-0252,TJ-0252,2022-06-13,true,6647.89
CL-0253,TJ-0253,2019-06-26,true,11366.52
CL-0254,TJ-0254,2021-12-11,true,16805.95
CL-0255,TJ-0255,2022-02-11,true,37249.64
CL-0256,TJ-0256,2019-08-27,true,44919.78
CL-0257,TJ-0257,2019-04-03,true,41962.26
CL-0258,TJ-0258,2022-12-14,true,9466.79
CL-0259,TJ-0259,2018-02-12,true,41380.94
CL-0260,TJ-0260,2023-04-04,true,22628.6
CL-0261,TJ-0261,2020-06-10,true,3953.42
CL-0262,TJ-0262,2023-03-03,true,28520.22
CL-0263,TJ-0263,2020-09-14,true,42793.9
CL-0264,TJ-0264,2020-05-25,true,13511.02
CL-0265,TJ-0265,2022-06-07,true,8884.1
CL-0266,TJ-0266,2023-05-16,true,17839.4
CL-0267,TJ-0267,2020-05-18,true,28595.12
CL-0268,TJ-0268,2018-12-24,true,38277.4
CL-0269,TJ-0269,2020-02-19,true,27901.25
CL-0270,TJ-0270,2019-10-10,true,26332.87
CL-0271,TJ-0271,2018-12-10,true,25994.16
CL-0272,TJ-0272,2020-05-13,true,44284.33
CL-0273,TJ-0273,2021-08-05,true,1644.61
CL-0274,TJ-0274,2020-08-25,true,31497.95
CL-0275,TJ-0275,2021-05-27,true,27078.82
CL-0276,TJ-0276,2021-08-11,true,17646.55
CL-0277,TJ-0277,2022-01-27,true,2803.53
CL-0278,TJ-0278,2023-09-18,true,6829.36
CL-0279,TJ-0279,2019-01-20,true,34549.65
CL-0280,TJ-0280,2020-12-21,true,21310.97
CL-0281,TJ-0281,2023-03-02,true,48490.06
CL-0282,TJ-0282,2021-09-28,true,20368.71
CL-0283,TJ-0283,2022-07-25,true,8890.95
CL-0284,TJ-0284,2023-04-07,true,46802.43
CL-0285,TJ-0285,2022-05-28,true,46372.49
CL-0286,TJ-0286,2023-03-08,true,43901.72
CL-0287,TJ-0287,2019-12-27,true,16178.31
CL-0288,TJ-0288,2023-09-02,true,41581.88
CL-0289,TJ-0289,2021-06-03,true,14187.38
CL-0290,TJ-0290,2022-01-25,true,21067.2
CL-0291,TJ-0291,2021-12-08,true,5080.89
CL-0292,TJ-0292,2021-01-04,true,30045.71
CL-0293,TJ-0293,2023-01-27,true,17804.73
CL-0294,TJ-0294,2018-05-24,true,4414.79
CL-0295,TJ-0295,2020-11-29,true,19861.43
CL-0296,TJ-0296,2020-05-20,true,12961.49
CL-0297,TJ-0297,2020-12-07,true,16750.84
CL-0298,TJ-0298,2021-03-08,true,17348.53
CL-0299,TJ-0299,2018-01-14,true,5373.68
CL-0300,TJ-0300,2019-08-06,true,7849.87
CL-0301,TJ-0301,2023-11-05,true,32705.24
CL-0302,TJ-0302,2023-08-22,true,15549.16
CL-0303,TJ-0303,2019-02-15,true,11019.22
CL-0304,TJ-0304,2019-06-09,true,48623.15
CL-0305,TJ-0305,2022-01-05,true,43923.83
CL-0306,TJ-0306,2020-09-30,true,3739.77
CL-0307,TJ-0307,2023-11-02,true,31264.1
CL-0308,TJ-0308,2020-08-17,true,2166.24
CL-0309,TJ-0309,2019-09-15,true,33032.42
CL-0310,TJ-0310,2020-01-30,true,8425.35
CL-0311,TJ-0311,2018-06-12,true,9081.12
CL-0312,TJ-0312,2021-06-18,true,43971.62
CL-0313,TJ-0313,2023-08-10,true,21909.46
CL-0314,TJ-0314,2022-12-02,true,3235.77
CL-0315,TJ-0315,2022-07-13,true,43668.85
CL-0316,TJ-0316,2020-04-04,true,35140.31
CL-0317,TJ-0317,2019-10-13,true,28082.14
CL-0318,TJ-0318,2022-03-29,true,35667.01
CL-0319,TJ-0319,2023-01-11,true,15186.62
CL-0320,TJ-0320,2018-03-17,true,33645.42
CL-0321,TJ-0321,2023-05-24,true,24899.21
CL-0322,TJ-0322,2021-09-04,true,34849.37
CL-0323,TJ-0323,2021-04-17,true,29436.51
CL-0324,TJ-0324,2022-08-05,true,10079.08
CL-0325,TJ-0325,2021-12-04,true,29969.99
CL-0326,TJ-0326,2019-04-18,true,7914.9
CL-0327,TJ-0327,2020-06-09,true,18847.94
CL-0328,TJ-0328,2020-02-13,true,3538.04
CL-0329,TJ-0329,2019-10-25,true,17566.89
CL-0330,TJ-0330,2020-10-31,true,34543.99
CL-0331,TJ-0331,2020-03-24,true,22150.93
CL-0332,TJ-0332,2020-11-24,true,20053.12
CL-0333,TJ-0333,2020-06-30,true,23785.45
CL-0334,TJ-0334,2022-10-12,true,24302.94
CL-0335,TJ-0335,2021-09-06,true,45869.96
CL-0336,TJ-0336,2021-05-07,true,15233.05
CL-0337,TJ-0337,2020-05-12,true,31861.91
CL-0338,TJ-0338,2021-01-02,true,26236.0
CL-0339,TJ-0339,2020-01-22,true,6856.53
CL-0340,TJ-0340,2020-12-02,true,45576.87
CL-0341,TJ-0341,2021-09-15,true,47671.56
CL-0342,TJ-0342,2023-07-16,true,9846.59
CL-0343,TJ-0343,2021-11-22,true,19373.97
CL-0344,TJ-0344,2020-07-19,true,8973.53
CL-0345,TJ-0345,2022-06-13,true,40712.99
CL-0346,TJ-0346,2021-08-21,true,44082.12
CL-0347,TJ-0347,2021-12-11,true,16543.33
CL-0348,TJ-0348,2019-09-24,true,19987.96
CL-0349,TJ-0349,2021-03-13,true,40124.45
CL-0350,TJ-0350,2018-02-26,true,18279.44
CL-0351,TJ-0351,2023-11-12,true,41003.41
CL-0352,TJ-0352,2022-05-24,true,3635.32
CL-0353,TJ-0353,2019-10-14,true,8291.01
CL-0354,TJ-0354,2023-08-22,true,14814.41
CL-0355,TJ-0355,2020-03-27,true,48081.8
CL-0356,TJ-0356,2019-09-06,true,39872.57
CL-0357,TJ-0357,2023-12-20,true,32079.09
CL-0358,TJ-0358,2022-07-23,true,43947.94
CL-0359,TJ-0359,2023-09-02,true,29346.33
CL-0360,TJ-0360,2018-03-01,true,5799.9
CL-0361,TJ-0361,2022-06-27,true,31989.02
CL-0362,TJ-0362,2021-10-26,true,47089.3
CL-0363,TJ-0363,2020-01-08,true,26981.54
CL-0364,TJ-0364,2021-03-13,true,47797.54
CL-0365,TJ-0365,2020-03-12,true,2567.46
CL-0366,TJ-0366,2019-12-17,true,33351.87
CL-0367,TJ-0367,2022-10-08,true,6057.7
CL-0368,TJ-0368,2020-11-08,true,43538.6
CL-0369,TJ-0369,2019-01-27,true,22176.31
CL-0370,TJ-0370,2020-08-14,true,32977.82
CL-0371,TJ-0371,2018-03-15,true,23564.65
CL-0372,TJ-0372,2019-10-26,true,25333.47
CL-0373,TJ-0373,2020-12-03,true,35567.03
CL-0374,TJ-0374,2018-04-30,true,3209.01
CL-0375,TJ-0375,2021-12-02,true,3594.25
CL-0376,TJ-0376,2021-04-18,true,40391.11
CL-0377,TJ-0377,2018-01-20,true,44440.28
CL-0378,TJ-0378,2022-12-18,true,28936.09
CL-0379,TJ-0379,2020-07-17,true,30503.0
CL-0380,TJ-0380,2022-12-19,true,24210.61
CL-0381,TJ-0381,2023-10-01,true,42395.31
CL-0382,TJ-0382,2018-07-13,true,46621.24
CL-0383,TJ-0383,2023-09-12,true,19102.8
CL-0384,TJ-0384,2019-02-15,true,46979.12
CL-0385,TJ-0385,2018-04-12,true,37316.82
CL-0386,TJ-0386,2020-12-22,true,9362.25
CL-0387,TJ-0387,2021-04-27,true,28250.35
CL-0388,TJ-0388,2023-01-06,true,26612.96
CL-0389,TJ-0389,2018-06-30,true,16107.39
CL-0390,TJ-0390,2021-06-12,true,25472.32
CL-0391,TJ-0391,2019-03-04,true,13753.6
CL-0392,TJ-0392,2023-09-30,true,43117.34
CL-0393,TJ-0393,2023-10-24,true,23684.48
CL-0394,TJ-0394,2021-12-01,true,42508.01
CL-0395,TJ-0395,2018-11-14,true,16840.17
CL-0396,TJ-0396,2022-06-29,true,30883.91
CL-0397,TJ-0397,2019-10-20,true,7556.24
CL-0398,TJ-0398,2019-04-15,true,46815.69
CL-0399,TJ-0399,2020-03-28,true,23349.1
CL-0400,TJ-0400,2018-05-19,true,31799.1
CL-0401,TJ-0401,2022-06-19,true,28179.06
CL-0402,TJ-0402,2021-02-28,true,34040.66
CL-0403,TJ-0403,2021-06-16,true,35239.7
CL-0404,TJ-0404,2022-07-12,true,34791.56
CL-0405,TJ-0405,2020-07-30,true,1561.88
CL-0406,TJ-0406,2021-06-23,true,24076.4
CL-0407,TJ-0407,2019-02-14,true,15933.63
CL-0408,TJ-0408,2021-07-11,true,33069.09
CL-0409,TJ-0409,2020-02-01,true,38591.09
CL-0410,TJ-0410,2023-08-16,true,15796.96
CL-0411,TJ-0411,2023-03-29,true,44091.26
CL-0412,TJ-0412,2022-04-06,true,25026.3
CL-0413,TJ-0413,2023-02-14,true,14630.01
CL-0414,TJ-0414,2022-11-11,true,17470.18
CL-0415,TJ-0415,2022-12-27,true,14716.31
CL-0416,TJ-0416,2022-07-30,true,37014.27
CL-0417,TJ-0417,2022-12-11,true,28234.74
CL-0418,TJ-0418,2022-09-13,true,11092.82
CL-0419,TJ-0419,2022-12-21,true,5965.14
CL-0420,TJ-0420,2021-04-29,true,12591.11
CL-0421,TJ-0421,2018-10-06,true,32999.81
CL-0422,TJ-0422,2019-04-11,true,5625.2
CL-0423,TJ-0423,2022-07-17,true,40450.81
CL-0424,TJ-0424,2022-02-20,true,29795.07
CL-0425,TJ-0425,2022-03-02,true,49538.06
CL-0426,TJ-0426,2019-07-21,true,16224.86
CL-0427,TJ-0427,2023-07-18,true,6765.79
CL-0428,TJ-0428,2023-11-09,true,25202.4
CL-0429,TJ-0429,2023-07-03,true,27834.3
CL-0430,TJ-0430,2021-07-12,true,20931.7
CL-0431,TJ-0431,2020-10-12,true,14371.16
CL-0432,TJ-0432,2020-04-15,true,9491.11
CL-0433,TJ-0433,2018-12-26,true,1493.34
CL-0434,TJ-0434,2018-12-02,true,2326.42
CL-0435,TJ-0435,2023-11-14,true,10952.53
CL-0436,TJ-0436,2019-04-26,true,39462.4
CL-0437,TJ-0437,2018-10-04,true,14223.14
CL-0438,TJ-0438,2018-08-07,true,5157.07
CL-0439,TJ-0439,2019-06-14,true,3226.85
CL-0440,TJ-0440,2018-12-01,true,32700.47
CL-0441,TJ-0441,2021-06-05,true,23903.36
CL-0442,TJ-0442,2019-01-17,true,49767.22
CL-0443,TJ-0443,2023-04-30,true,28864.53
CL-0444,TJ-0444,2019-01-31,true,49708.07
CL-0445,TJ-0445,2021-01-27,true,44419.8
CL-0446,TJ-0446,2020-02-13,true,39156.6
CL-0447,TJ-0447,2018-08-20,true,10118.8
CL-0448,TJ-0448,2018-10-05,true,9467.84
CL-0449,TJ-0449,2021-08-12,true,40379.66
CL-0450,TJ-0450,2019-09-24,true,13869.83
CL-0451,TJ-0451,2023-05-12,true,37727.04
CL-0452,TJ-0452,2023-09-16,true,48455.58
CL-0453,TJ-0453,2023-08-03,true,3116.8
CL-0454,TJ-0454,2020-01-10,true,23605.8
CL-0455,TJ-0455,2022-01-26,true,22982.11
CL-0456,TJ-0456,2020-03-01,true,21076.36
CL-0457,TJ-0457,2021-03-26,true,9015.62
CL-0458,TJ-0458,2021-01-29,true,9744.73
CL-0459,TJ-0459,2021-06-22,true,34268.27
CL-0460,TJ-0460,2018-09-06,true,47419.04
CL-0461,TJ-0461,2022-05-01,true,31601.6
CL-0462,TJ-0462,2019-03-19,true,31835.22
CL-0463,TJ-0463,2021-04-11,true,20525.74
CL-0464,TJ-0464,2022-11-23,true,30721.2
CL-0465,TJ-0465,2019-06-24,true,46170.48
CL-0466,TJ-0466,2018-01-07,true,24705.77
CL-0467,TJ-0467,2019-12-15,true,29013.86
CL-0468,TJ-0468,2019-09-03,true,7445.54
CL-0469,TJ-0469,2020-08-22,true,35338.73
CL-0470,TJ-0470,2023-11-14,true,32749.6
CL-0471,TJ-0471,2018-04-15,true,25929.89
CL-0472,TJ-0472,2022-08-08,true,47158.27
CL-0473,TJ-0473,2020-09-13,true,11196.21
CL-0474,TJ-0474,2021-05-24,true,37990.38
CL-0475,TJ-0475,2021-02-07,true,18169.87
CL-0476,TJ-0476,2022-12-06,true,47353.45
CL-0477,TJ-0477,2018-07-11,true,27897.95
CL-0478,TJ-0478,2018-03-25,true,34722.02
CL-0479,TJ-0479,2023-10-05,true,36245.44
CL-0480,TJ-0480,2021-08-12,true,20079.78
CL-0481,TJ-0481,2023-08-17,true,3249.79
CL-0482,TJ-0482,2019-07-21,true,28299.11
CL-0483,TJ-0483,2021-02-14,true,1094.39
CL-0484,TJ-0484,2019-09-22,true,23086.04
CL-0485,TJ-0485,2020-03-30,true,21575.02
CL-0486,TJ-0486,2019-06-25,true,33292.05
CL-0487,TJ-0487,2021-02-04,true,31279.49
CL-0488,TJ-0488,2021-04-27,true,6330.83
CL-0489,TJ-0489,2021-04-16,true,40573.78
CL-0490,TJ-0490,2023-02-19,true,30373.86
CL-0491,TJ-0491,2020-12-17,true,15030.95
CL-0492,TJ-0492,2021-08-29,true,5015.33
CL-0493,TJ-0493,2020-08-18,true,44888.44
CL-0494,TJ-0494,2019-11-14,true,20639.09
CL-0495,TJ-0495,2018-03-15,true,41988.59
CL-0496,TJ-0496,2022-11-02,true,2032.19
CL-0497,TJ-0497,2019-06-14,true,13207.23
CL-0498,TJ-0498,2023-10-21,true,8181.11
CL-0499,TJ-0499,2018-03-08,true,1675.71
CL-0500,TJ-0500,2019-12-07,true,30109.64
CL-0501,TJ-0501,2018-02-05,true,21641.02
CL-0502,TJ-0502,2023-05-28,true,36806.66
CL-0503,TJ-0503,2019-07-24,true,31667.43
CL-0504,TJ-0504,2022-09-25,true,16389.06
CL-0505,TJ-0505,2021-07-08,true,10924.0
CL-0506,TJ-0506,2019-08-27,true,8312.52
CL-0507,TJ-0507,2019-11-28,true,6926.21
CL-0508,TJ-0508,2023-10-07,true,27832.35
CL-0509,TJ-0509,2022-06-22,true,31548.08
CL-0510,TJ-0510,2020-04-18,true,39947.93
CL-0511,TJ-0511,2021-08-04,true,41160.16
CL-0512,TJ-0512,2020-06-08,true,38905.75
CL-0513,TJ-0513,2019-12-16,true,36127.76
CL-0514,TJ-0514,2019-09-05,true,12154.61
CL-0515,TJ-0515,2023-07-21,true,8038.25
CL-0516,TJ-0516,2021-06-03,true,13693.19
CL-0517,TJ-0517,2021-01-02,true,4498.79
CL-0518,TJ-0518,2022-05-25,true,42633.3
CL-0519,TJ-0519,2023-10-14,true,11499.65
CL-0520,TJ-0520,2023-11-21,true,46771.88
CL-0521,TJ-0521,2018-11-30,true,13460.26
CL-0522,TJ-0522,2021-01-15,true,27555.24
CL-0523,TJ-0523,2019-11-15,true,49548.7
CL-0524,TJ-0524,2019-11-04,true,11516.1
CL-0525,TJ-0525,2020-02-24,true,7218.3
CL-0526,TJ-0526,2023-08-19,true,47032.38
CL-0527,TJ-0527,2021-05-18,true,21823.66
CL-0528,TJ-0528,2022-06-07,true,6853.61
CL-0529,TJ-0529,2022-12-27,true,4973.05
CL-0530,TJ-0530,2023-09-14,true,35653.35
CL-0531,TJ-0531,2023-09-16,true,20601.03
CL-0532,TJ-0532,2019-08-24,true,46897.62
CL-0533,TJ-0533,2019-03-31,true,12754.48
CL-0534,TJ-0534,2020-07-17,true,22858.55
CL-0535,TJ-0535,2021-07-26,true,36068.37
CL-0536,TJ-0536,2020-01-02,true,4953.66
CL-0537,TJ-0537,2020-11-30,true,17892.24
CL-0538,TJ-0538,2022-01-03,true,41444.96
CL-0539,TJ-0539,2020-11-20,true,22883.35
CL-0540,TJ-0540,2019-09-25,true,24425.74
CL-0541,TJ-0541,2018-07-30,true,43791.31
CL-0542,TJ-0542,2023-10-15,true,45498.52
CL-0543,TJ-0543,2023-07-10,true,40304.82
CL-0544,TJ-0544,2020-11-07,true,9099.69
CL-0545,TJ-0545,2019-12-19,true,33223.78
CL-0546,TJ-0546,2023-01-28,true,10831.36
CL-0547,TJ-0547,2020-06-13,true,25089.29
CL-0548,TJ-0548,2023-10-11,true,43124.09
CL-0549,TJ-0549,2022-02-02,true,32739.83
CL-0550,TJ-0550,2023-11-20,true,11389.16
CL-0551,TJ-0551,2022-11-29,true,42152.29
CL-0552,TJ-0552,2020-06-29,true,8107.83
CL-0553,TJ-0553,2018-07-26,true,37836.25
CL-0554,TJ-0554,2018-08-02,true,20607.72
CL-0555,TJ-0555,2018-01-19,true,41705.78
CL-0556,TJ-0556,2020-10-06,true,1096.49
CL-0557,TJ-0557,2023-02-06,true,24888.06
CL-0558,TJ-0558,2022-11-16,true,37586.6
CL-0559,TJ-0559,2022-04-13,true,24666.27
CL-0560,TJ-0560,2022-01-28,true,47760.66
CL-0561,TJ-0561,2021-12-28,true,29496.4
CL-0562,TJ-0562,2022-12-15,true,45335.89
CL-0563,TJ-0563,2019-01-19,true,36632.46
CL-0564,TJ-0564,2021-07-23,true,23922.56
CL-0565,TJ-0565,2020-08-17,true,12087.98
CL-0566,TJ-0566,2021-09-23,true,49795.16
CL-0567,TJ-0567,2023-08-17,true,11381.72
CL-0568,TJ-0568,2018-06-02,true,10033.02
CL-0569,TJ-0569,2023-12-28,true,36444.98
CL-0570,TJ-0570,2021-04-07,true,39285.09
CL-0571,TJ-0571,2018-08-18,true,16999.57
CL-0572,TJ-0572,2021-03-31,true,34273.16
CL-0573,TJ-0573,2023-02-22,true,19610.97
CL-0574,TJ-0574,2019-03-06,true,47645.3
CL-0575,TJ-0575,2019-11-23,true,23703.39
CL-0576,TJ-0576,2023-11-19,true,6870.15
CL-0577,TJ-0577,2018-06-29,true,23609.44
CL-0578,TJ-0578,2022-06-30,true,8582.49
CL-0579,TJ-0579,2018-05-28,true,44085.51
CL-0580,TJ-0580,2021-12-17,true,8755.36
CL-0581,TJ-0581,2020-12-09,true,33194.02
CL-0582,TJ-0582,2023-02-05,true,17058.43
CL-0583,TJ-0583,2019-04-20,true,43633.74
CL-0584,TJ-0584,2020-10-02,true,44999.89
CL-0585,TJ-0585,2023-01-04,true,8410.16
CL-0586,TJ-0586,2018-11-20,true,24319.45
CL-0587,TJ-0587,2018-04-04,true,4118.45
CL-0588,TJ-0588,2023-01-02,true,16737.78
CL-0589,TJ-0589,2021-09-14,true,17314.24
CL-0590,TJ-0590,2022-05-23,true,23278.94
CL-0591,TJ-0591,2021-04-20,true,24515.92
CL-0592,TJ-0592,2022-02-17,true,6482.18
CL-0593,TJ-0593,2022-09-11,true,23211.55
CL-0594,TJ-0594,2021-05-28,true,43458.48
CL-0595,TJ-0595,2020-12-02,true,34890.98
CL-0596,TJ-0596,2023-09-13,true,28619.05
CL-0597,TJ-0597,2018-06-23,true,39489.01
CL-0598,TJ-0598,2023-07-04,true,47510.62
CL-0599,TJ-0599,2022-06-21,true,24921.84
CL-0600,TJ-0600,2023-07-07,true,26448.94
CL-0601,TJ-0601,2023-10-12,true,3563.36
CL-0602,TJ-0602,2018-03-16,true,40694.62
CL-0603,TJ-0603,2021-03-18,true,49223.33
CL-0604,TJ-0604,2019-07-10,true,11736.45
CL-0605,TJ-0605,2018-01-08,true,48936.03
CL-0606,TJ-0606,2018-02-09,true,28442.91
CL-0607,TJ-0607,2020-07-07,true,15829.55
CL-0608,TJ-0608,2023-12-25,true,24510.99
CL-0609,TJ-0609,2019-05-09,true,39190.5
CL-0610,TJ-0610,2021-07-05,true,39710.39
CL-0611,TJ-0611,2018-03-16,true,49636.76
CL-0612,TJ-0612,2020-03-13,true,31234.37
CL-0613,TJ-0613,2020-03-06,true,3683.87
CL-0614,TJ-0614,2020-07-30,true,25968.07
CL-0615,TJ-0615,2018-02-10,true,10328.32
CL-0616,TJ-0616,2022-02-21,true,14204.17
CL-0617,TJ-0617,2019-03-08,true,41517.47
CL-0618,TJ-0618,2020-10-18,true,22610.1
CL-0619,TJ-0619,2020-06-20,true,6357.28
CL-0620,TJ-0620,2022-02-21,true,40003.81
CL-0621,TJ-0621,2018-04-29,true,39942.73
CL-0622,TJ-0622,2021-01-13,true,27990.69
CL-0623,TJ-0623,2023-10-10,true,31720.45
CL-0624,TJ-0624,2019-03-20,true,38786.6
CL-0625,TJ-0625,2023-08-05,true,35386.66
CL-0626,TJ-0626,2023-03-10,true,12185.46
CL-0627,TJ-0627,2019-12-28,true,32465.05
CL-0628,TJ-0628,2019-06-30,true,43863.15
CL-0629,TJ-0629,2023-05-25,true,26733.96
CL-0630,TJ-0630,2019-08-10,true,45452.73
CL-0631,TJ-0631,2020-08-21,true,44244.8
CL-0632,TJ-0632,2022-06-11,true,11322.55
CL-0633,TJ-0633,2019-01-21,true,31824.64
CL-0634,TJ-0634,2022-09-15,true,9747.44
CL-0635,TJ-0635,2021-02-06,true,47611.41
CL-0636,TJ-0636,2023-02-28,true,28527.91
CL-0637,TJ-0637,2020-03-15,true,45482.09
CL-0638,TJ-0638,2020-06-30,true,27599.31
CL-0639,TJ-0639,2022-05-07,true,29361.21
CL-0640,TJ-0640,2020-11-20,true,27721.0
CL-0641,TJ-0641,2023-05-19,true,2914.25
CL-0642,TJ-0642,2022-04-05,true,35227.4
CL-0643,TJ-0643,2022-07-25,true,42490.03
CL-0644,TJ-0644,2020-11-16,true,14355.72
CL-0645,TJ-0645,2021-01-27,true,29743.64
CL-0646,TJ-0646,2019-05-07,true,27739.7
CL-0647,TJ-0647,2018-12-02,true,3071.63
CL-0648,TJ-0648,2021-11-06,true,13873.44
CL-0649,TJ-0649,2019-11-13,true,22577.22
CL-0650,TJ-0650,2019-12-19,true,16823.54
CL-0651,TJ-0651,2023-02-25,true,12199.19
CL-0652,TJ-0652,2019-02-24,true,49602.63
CL-0653,TJ-0653,2018-07-10,true,26746.01
CL-0654,TJ-0654,2019-07-10,true,17535.7
CL-0655,TJ-0655,2021-05-19,true,9595.34
CL-0656,TJ-0656,2020-07-07,true,1808.51
CL-0657,TJ-0657,2019-10-23,true,32391.92
CL-0658,TJ-0658,2023-05-02,true,46447.01
CL-0659,TJ-0659,2020-01-07,true,24754.95
CL-0660,TJ-0660,2022-03-06,true,8753.36
CL-0661,TJ-0661,2021-11-09,true,42287.05
CL-0662,TJ-0662,2019-11-20,true,24870.49
CL-0663,TJ-0663,2019-08-26,true,12827.78
CL-0664,TJ-0664,2019-05-09,true,35352.07
CL-0665,TJ-0665,2020-06-26,true,15072.09
CL-0666,TJ-0666,2022-05-01,true,19801.67
CL-0667,TJ-0667,2020-08-15,true,27564.85
CL-0668,TJ-0668,2022-09-08,true,23638.62
CL-0669,TJ-0669,2022-02-05,true,39936.6
CL-0670,TJ-0670,2022-12-04,true,7460.76
CL-0671,TJ-0671,2022-12-11,true,23841.77
CL-0672,TJ-0672,2023-09-16,true,35320.03
CL-0673,TJ-0673,2022-07-27,true,2301.76
CL-0674,TJ-0674,2020-02-12,true,35420.31
CL-0675,TJ-0675,2021-05-18,true,47679.5
CL-0676,TJ-0676,2021-09-19,true,32282.43
CL-0677,TJ-0677,2022-12-09,true,15035.46
CL-0678,TJ-0678,2018-09-07,true,31073.99
CL-0679,TJ-0679,2020-08-09,true,13718.61
CL-0680,TJ-0680,2023-12-28,true,47767.31
CL-0681,TJ-0681,2023-08-27,true,24997.4
CL-0682,TJ-0682,2022-10-16,true,35056.73
CL-0683,TJ-0683,2022-06-29,true,39643.17
CL-0684,TJ-0684,2019-05-31,true,28680.71
CL-0685,TJ-0685,2023-07-31,true,24534.09
CL-0686,TJ-0686,2020-03-01,true,20089.86
CL-0687,TJ-0687,2018-03-21,true,16956.24
CL-0688,TJ-0688,2018-01-09,true,45789.78
CL-0689,TJ-0689,2018-09-21,true,5184.17
CL-0690,TJ-0690,2018-02-22,true,2143.46
CL-0691,TJ-0691,2023-05-29,true,42632.58
CL-0692,TJ-0692,2023-04-13,true,27480.96
CL-0693,TJ-0693,2019-04-24,true,49607.72
CL-0694,TJ-0694,2023-10-25,true,41756.68
CL-0695,TJ-0695,2019-10-03,true,36889.95
CL-0696,TJ-0696,2020-04-12,true,24353.36
CL-0697,TJ-0697,2020-10-21,true,4464.21
CL-0698,TJ-0698,2023-06-09,true,34264.29
CL-0699,TJ-0699,2018-07-15,true,11181.05
CL-0700,TJ-0700,2020-01-22,true,10112.52
CL-0701,TJ-0701,2018-08-20,true,36923.38
CL-0702,TJ-0702,2018-12-29,true,31600.14
CL-0703,TJ-0703,2020-08-03,true,31624.27
CL-0704,TJ-0704,2019-09-07,true,8883.94
CL-0705,TJ-0705,2020-11-23,true,32774.68
CL-0706,TJ-0706,2022-02-21,true,13989.43
CL-0707,TJ-0707,2021-12-04,true,36597.09
CL-0708,TJ-0708,2021-03-07,true,38667.47
CL-0709,TJ-0709,2023-05-30,true,47412.82
CL-0710,TJ-0710,2022-12-23,true,26416.02
CL-0711,TJ-0711,2023-07-18,true,35741.42
CL-0712,TJ-0712,2019-12-17,true,15218.15
CL-0713,TJ-0713,2022-11-29,true,41005.91
CL-0714,TJ-0714,2023-02-26,true,46187.23
CL-0715,TJ-0715,2018-11-07,true,23324.56
CL-0716,TJ-0716,2018-04-08,true,20993.82
CL-0717,TJ-0717,2022-05-25,true,28344.67
CL-0718,TJ-0718,2023-01-15,true,28854.11
CL-0719,TJ-0719,2020-12-04,true,7157.71
CL-0720,TJ-0720,2018-01-24,true,34370.74
CL-0721,TJ-0721,2022-03-20,true,6909.77
CL-0722,TJ-0722,2023-04-19,true,22024.5
CL-0723,TJ-0723,2023-12-19,true,43560.02
CL-0724,TJ-0724,2020-02-22,true,23179.55
CL-0725,TJ-0725,2018-12-16,true,41287.35
CL-0726,TJ-0726,2019-06-21,true,16540.31
CL-0727,TJ-0727,2020-04-16,true,45686.76
CL-0728,TJ-0728,2023-07-10,true,26371.7
CL-0729,TJ-0729,2023-07-16,true,28622.41
CL-0730,TJ-0730,2018-10-14,true,9662.59
CL-0731,TJ-0731,2018-11-11,true,9632.78
CL-0732,TJ-0732,2018-12-04,true,47186.14
CL-0733,TJ-0733,2022-07-21,true,11645.69
CL-0734,TJ-0734,2019-04-03,true,18901.67
CL-0735,TJ-0735,2023-05-13,true,4673.23
CL-0736,TJ-0736,2019-12-10,true,48043.12
CL-0737,TJ-0737,2022-05-12,true,9396.72
CL-0738,TJ-0738,2021-08-22,true,38041.18
CL-0739,TJ-0739,2019-02-23,true,30783.95
CL-0740,TJ-0740,2020-02-26,true,16529.14
CL-0741,TJ-0741,2019-06-19,true,40052.44
CL-0742,TJ-0742,2023-09-10,true,43396.45
CL-0743,TJ-0743,2021-04-05,true,12261.11
CL-0744,TJ-0744,2020-01-21,true,40079.68
CL-0745,TJ-0745,2020-01-23,true,44284.4
CL-0746,TJ-0746,2023-08-11,true,13452.93
CL-0747,TJ-0747,2019-02-11,true,43481.49
CL-0748,TJ-0748,2021-12-24,true,44401.66
CL-0749,TJ-0749,2019-06-28,true,3860.14
CL-0750,TJ-0750,2020-12-22,true,13032.88
CL-0751,TJ-0751,2018-07-10,true,28563.12
CL-0752,TJ-0752,2018-10-12,true,27501.86
CL-0753,TJ-0753,2023-08-12,true,38334.08
CL-0754,TJ-0754,2019-04-28,true,8520.61
CL-0755,TJ-0755,2023-05-27,true,45798.96
CL-0756,TJ-0756,2022-06-16,true,33267.4
CL-0757,TJ-0757,2022-11-01,true,45673.05
CL-0758,TJ-0758,2023-03-26,true,26140.53
CL-0759,TJ-0759,2018-04-17,true,10444.63
CL-0760,TJ-0760,2019-02-04,true,25019.51
CL-0761,TJ-0761,2020-12-27,true,3459.95
CL-0762,TJ-0762,2020-06-03,true,43902.08
CL-0763,TJ-0763,2023-05-02,true,18165.44
CL-0764,TJ-0764,2020-05-22,true,24856.1
CL-0765,TJ-0765,2024-01-01,true,47339.75
CL-0766,TJ-0766,2020-11-22,true,26991.88
CL-0767,TJ-0767,2021-05-26,true,37102.08
CL-0768,TJ-0768,2019-02-21,true,35936.38
CL-0769,TJ-0769,2022-04-09,true,25238.68
CL-0770,TJ-0770,2019-02-13,true,28274.05
CL-0771,TJ-0771,2021-08-29,true,4345.94
CL-0772,TJ-0772,2019-09-21,true,1140.35
CL-0773,TJ-0773,2021-01-18,true,49602.67
CL-0774,TJ-0774,2022-10-14,true,18163.46
CL-0775,TJ-0775,2023-10-02,true,17462.9
CL-0776,TJ-0776,2020-12-10,true,2921.18
CL-0777,TJ-0777,2022-07-10,true,27438.85
CL-0778,TJ-0778,2021-11-22,true,32057.44
CL-0779,TJ-0779,2020-05-26,true,35006.48
CL-0780,TJ-0780,2018-08-12,true,46852.62
CL-0781,TJ-0781,2019-02-11,true,3303.44
CL-0782,TJ-0782,2023-03-07,true,18815.33
CL-0783,TJ-0783,2019-12-17,true,27891.12
CL-0784,TJ-0784,2023-04-25,true,9064.98
CL-0785,TJ-0785,2021-10-23,true,24157.23
CL-0786,TJ-0786,2021-08-07,true,3318.39
CL-0787,TJ-0787,2019-12-17,true,17480.0
CL-0788,TJ-0788,2020-10-14,true,44826.03
CL-0789,TJ-0789,2019-04-27,true,33442.38
CL-0790,TJ-0790,2020-01-27,true,47979.73
CL-0791,TJ-0791,2019-11-23,true,19268.11
CL-0792,TJ-0792,2021-03-15,true,34195.01
CL-0793,TJ-0793,2022-02-07,true,46534.0
CL-0794,TJ-0794,2018-02-18,true,13116.39
CL-0795,TJ-0795,2018-02-24,true,23193.72
CL-0796,TJ-0796,2021-07-23,true,27747.21
CL-0797,TJ-0797,2021-09-14,true,13316.9
CL-0798,TJ-0798,2022-10-19,true,24001.29
CL-0799,TJ-0799,2022-12-09,true,8277.02
CL-0800,TJ-0800,2022-03-17,true,22644.8
