clienteId,cuentaId,fechaAsignacion,esTitular,porcentajePropiedad
CL-0001,CU-0001,2022-10-05,true,100
CL-0002,CU-0002,2018-08-17,true,100
CL-0003,CU-0004,2015-06-17,true,100
CL-0003,CU-0005,2016-09-29,false,44
CL-0004,CU-0005,2020-02-29,true,100
CL-0004,CU-0006,2020-08-22,false,38
CL-0005,CU-0007,2020-01-28,true,100
CL-0006,CU-0008,2015-03-01,true,100
CL-0006,CU-0009,2016-03-14,false,50
CL-0007,CU-0010,2016-08-03,true,100
CL-0008,CU-0011,2022-02-11,true,100
CL-0008,CU-0012,2015-03-27,false,37
CL-0009,CU-0013,2021-05-28,true,100
CL-0009,CU-0014,2016-04-16,false,41
CL-0010,CU-0014,2015-03-09,true,100
CL-0011,CU-0016,2016-05-28,true,100
CL-0011,CU-0017,2019-04-08,false,63
CL-0012,CU-0017,2017-04-03,true,100
CL-0012,CU-0018,2019-08-21,false,44
CL-0013,CU-0019,2020-03-17,true,100
CL-0014,CU-0020,2023-03-11,true,100
CL-0015,CU-0022,2017-02-06,true,100
CL-0016,CU-0023,2017-12-07,true,100
CL-0016,CU-0024,2022-09-03,false,45
CL-0017,CU-0025,2017-04-10,true,100
CL-0017,CU-0026,2019-05-07,false,56
CL-0018,CU-0026,2020-09-18,true,100
CL-0018,CU-0027,2022-04-07,false,74
CL-0019,CU-0028,2021-11-08,true,100
CL-0019,CU-0029,2019-11-11,false,55
CL-0020,CU-0029,2019-05-16,true,100
CL-0020,CU-0030,2020-05-17,false,65
CL-0021,CU-0031,2019-05-02,true,100
CL-0022,CU-0032,2022-12-15,true,100
CL-0022,CU-0033,2017-03-07,false,25
CL-0023,CU-0034,2022-10-01,true,100
CL-0024,CU-0035,2017-04-24,true,100
CL-0025,CU-0037,2016-06-27,true,100
CL-0026,CU-0038,2021-11-24,true,100
CL-0026,CU-0039,2023-09-09,false,60
CL-0027,CU-0040,2016-01-23,true,100
CL-0028,CU-0041,2015-01-05,true,100
CL-0028,CU-0042,2016-12-01,false,66
CL-0029,CU-0043,2022-06-22,true,100
CL-0029,CU-0044,2020-06-05,false,32
CL-0030,CU-0044,2015-10-16,true,100
CL-0030,CU-0045,2018-04-29,false,63
CL-0031,CU-0046,2021-12-27,true,100
CL-0031,CU-0047,2016-01-21,false,59
CL-0032,CU-0047,2016-05-04,true,100
CL-0032,CU-0048,2018-06-16,false,72
CL-0033,CU-0049,2018-12-23,true,100
CL-0033,CU-0050,2019-09-27,false,32
CL-0034,CU-0050,2023-04-16,true,100
CL-0034,CU-0051,2015-06-20,false,75
CL-0035,CU-0052,2021-02-09,true,100
CL-0036,CU-0053,2021-07-16,true,100
CL-0036,CU-0054,2018-08-29,false,69
CL-0037,CU-0055,2019-06-20,true,100
CL-0038,CU-0056,2019-09-12,true,100
CL-0039,CU-0058,2016-10-07,true,100
CL-0040,CU-0059,2021-05-08,true,100
CL-0040,CU-0060,2018-07-07,false,70
CL-0041,CU-0061,2015-10-21,true,100
CL-0041,CU-0062,2018-06-10,false,74
CL-0042,CU-0062,2023-06-13,true,100
CL-0043,CU-0064,2021-05-05,true,100
CL-0044,CU-0065,2019-04-16,true,100
CL-0044,CU-0066,2015-10-14,false,68
CL-0045,CU-0067,2021-11-24,true,100
CL-0045,CU-0068,2016-11-26,false,64
CL-0046,CU-0068,2016-10-09,true,100
CL-0047,CU-0070,2020-01-25,true,100
CL-0047,CU-0071,2020-12-01,false,63
CL-0048,CU-0071,2021-02-19,true,100
CL-0049,CU-0073,2023-12-08,true,100
CL-0049,CU-0074,2015-06-27,false,52
CL-0050,CU-0074,2017-02-22,true,100
CL-0051,CU-0076,2022-11-21,true,100
CL-0052,CU-0077,2018-03-15,true,100
CL-0053,CU-0079,2023-04-06,true,100
CL-0053,CU-0080,2023-03-06,false,73
CL-0054,CU-0080,2015-11-17,true,100
CL-0055,CU-0082,2015-07-21,true,100
CL-0056,CU-0083,2020-04-04,true,100
CL-0057,CU-0085,2015-04-11,true,100
CL-0058,CU-0086,2017-08-17,true,100
CL-0059,CU-0088,2022-02-28,true,100
CL-0059,CU-0089,2021-06-06,false,46
CL-0060,CU-0089,2022-10-14,true,100
CL-0061,CU-0091,2021-08-24,true,100
CL-0062,CU-0092,2015-05-25,true,100
CL-0063,CU-0094,2016-09-16,true,100
CL-0063,CU-0095,2016-08-25,false,37
CL-0064,CU-0095,2023-11-08,true,100
CL-0065,CU-0097,2017-09-20,true,100
CL-0066,CU-0098,2023-04-03,true,100
CL-0066,CU-0099,2021-03-16,false,34
CL-0067,CU-0100,2017-07-07,true,100
CL-0068,CU-0101,2015-10-04,true,100
CL-0068,CU-0102,2016-03-08,false,69
CL-0069,CU-0103,2017-09-14,true,100
CL-0070,CU-0104,2023-07-23,true,100
CL-0070,CU-0105,2023-04-25,false,55
CL-0071,CU-0106,2021-01-25,true,100
CL-0072,CU-0107,2021-09-30,true,100
CL-0072,CU-0108,2016-10-06,false,53
CL-0073,CU-0109,2019-05-17,true,100
CL-0073,CU-0110,2019-11-28,false,59
CL-0074,CU-0110,2017-10-04,true,100
CL-0075,CU-0112,2015-02-01,true,100
CL-0075,CU-0113,2022-02-13,false,60
CL-0076,CU-0113,2017-01-16,true,100
CL-0076,CU-0114,2016-06-17,false,62
CL-0077,CU-0115,2023-07-02,true,100
CL-0077,CU-0116,2019-07-30,false,46
CL-0078,CU-0116,2018-06-01,true,100
CL-0079,CU-0118,2022-09-12,true,100
CL-0079,CU-0119,2017-12-01,false,75
CL-0080,CU-0119,2018-10-19,true,100
CL-0080,CU-0120,2020-02-26,false,42
CL-0081,CU-0121,2015-04-07,true,100
CL-0082,CU-0122,2016-09-27,true,100
CL-0082,CU-0123,2015-04-06,false,49
CL-0083,CU-0124,2018-06-21,true,100
CL-0084,CU-0125,2021-05-07,true,100
CL-0084,CU-0126,2021-11-21,false,65
CL-0085,CU-0127,2021-08-03,true,100
CL-0086,CU-0128,2016-08-01,true,100
CL-0086,CU-0129,2015-07-26,false,36
CL-0087,CU-0130,2015-09-15,true,100
CL-0088,CU-0131,2015-02-11,true,100
CL-0089,CU-0133,2020-10-21,true,100
CL-0090,CU-0134,2017-08-31,true,100
CL-0090,CU-0135,2022-04-03,false,38
CL-0091,CU-0136,2018-04-01,true,100
CL-0092,CU-0137,2021-06-30,true,100
CL-0093,CU-0139,2023-06-19,true,100
CL-0094,CU-0140,2022-11-10,true,100
CL-0095,CU-0142,2021-08-17,true,100
CL-0095,CU-0143,2019-08-08,false,40
CL-0096,CU-0143,2015-03-28,true,100
CL-0097,CU-0145,2015-01-06,true,100
CL-0097,CU-0146,2020-02-05,false,73
CL-0098,CU-0146,2021-05-29,true,100
CL-0098,CU-0147,2018-10-23,false,28
CL-0099,CU-0148,2018-03-04,true,100
CL-0099,CU-0149,2017-09-06,false,35
CL-0100,CU-0149,2016-02-01,true,100
CL-0100,CU-0150,2021-08-16,false,35
CL-0101,CU-0151,2016-08-04,true,100
CL-0102,CU-0152,2022-04-15,true,100
CL-0102,CU-0153,2017-12-16,false,73
CL-0103,CU-0154,2023-12-06,true,100
CL-0104,CU-0155,2015-12-21,true,100
CL-0104,CU-0156,2022-07-24,false,49
CL-0105,CU-0157,2022-09-02,true,100
CL-0106,CU-0158,2017-01-02,true,100
CL-0106,CU-0159,2018-01-23,false,28
CL-0107,CU-0160,2016-04-14,true,100
CL-0107,CU-0161,2022-05-05,false,66
CL-0108,CU-0161,2017-08-10,true,100
CL-0108,CU-0162,2016-06-27,false,40
CL-0109,CU-0163,2017-03-13,true,100
CL-0110,CU-0164,2015-02-27,true,100
CL-0110,CU-0165,2023-04-04,false,45
CL-0111,CU-0166,2022-12-26,true,100
CL-0111,CU-0167,2022-06-15,false,43
CL-0112,CU-0167,2015-06-04,true,100
CL-0113,CU-0169,2020-05-03,true,100
CL-0114,CU-0170,2016-10-12,true,100
CL-0114,CU-0171,2016-12-18,false,51
CL-0115,CU-0172,2021-09-27,true,100
CL-0115,CU-0173,2018-01-01,false,32
CL-0116,CU-0173,2016-06-10,true,100
CL-0116,CU-0174,2019-01-15,false,75
CL-0117,CU-0175,2020-11-26,true,100
CL-0118,CU-0176,2015-12-09,true,100
CL-0118,CU-0177,2023-12-31,false,52
CL-0119,CU-0178,2018-07-13,true,100
CL-0120,CU-0179,2020-10-18,true,100
CL-0120,CU-0180,2015-10-28,false,32
CL-0121,CU-0181,2018-03-04,true,100
CL-0121,CU-0182,2023-10-31,false,74
CL-0122,CU-0182,2023-01-05,true,100
CL-0122,CU-0183,2019-11-12,false,51
CL-0123,CU-0184,2020-05-15,true,100
CL-0123,CU-0185,2016-03-11,false,37
CL-0124,CU-0185,2022-09-05,true,100
CL-0125,CU-0187,2023-11-20,true,100
CL-0126,CU-0188,2023-09-14,true,100
CL-0127,CU-0190,2016-12-29,true,100
CL-0128,CU-0191,2018-10-18,true,100
CL-0129,CU-0193,2022-09-07,true,100
CL-0129,CU-0194,2016-05-09,false,31
CL-0130,CU-0194,2020-11-23,true,100
CL-0130,CU-0195,2015-11-29,false,32
CL-0131,CU-0196,2016-01-20,true,100
CL-0132,CU-0197,2019-04-22,true,100
CL-0132,CU-0198,2015-07-06,false,33
CL-0133,CU-0199,2023-08-04,true,100
CL-0134,CU-0200,2017-10-20,true,100
CL-0134,CU-0201,2018-10-15,false,65
CL-0135,CU-0202,2020-09-17,true,100
CL-0135,CU-0203,2016-10-29,false,57
CL-0136,CU-0203,2016-02-03,true,100
CL-0137,CU-0205,2015-07-17,true,100
CL-0137,CU-0206,2021-01-12,false,32
CL-0138,CU-0206,2022-10-10,true,100
CL-0139,CU-0208,2018-10-10,true,100
CL-0140,CU-0209,2017-07-22,true,100
CL-0140,CU-0210,2015-12-01,false,50
CL-0141,CU-0211,2019-04-16,true,100
CL-0141,CU-0212,2019-06-07,false,28
CL-0142,CU-0212,2020-01-30,true,100
CL-0143,CU-0214,2019-06-15,true,100
CL-0144,CU-0215,2020-03-12,true,100
CL-0145,CU-0217,2020-04-03,true,100
CL-0145,CU-0218,2020-09-30,false,74
CL-0146,CU-0218,2016-01-03,true,100
CL-0146,CU-0219,2021-02-11,false,29
CL-0147,CU-0220,2020-12-18,true,100
CL-0148,CU-0221,2018-06-12,true,100
CL-0149,CU-0223,2022-07-05,true,100
CL-0149,CU-0224,2019-12-23,false,72
CL-0150,CU-0224,2018-11-26,true,100
CL-0151,CU-0226,2015-02-21,true,100
CL-0152,CU-0227,2020-04-26,true,100
CL-0152,CU-0228,2017-08-10,false,25
CL-0153,CU-0229,2017-01-26,true,100
CL-0154,CU-0230,2016-01-22,true,100
CL-0155,CU-0232,2016-04-10,true,100
CL-0156,CU-0233,2022-10-26,true,100
CL-0157,CU-0235,2020-09-24,true,100
CL-0157,CU-0236,2016-12-08,false,44
CL-0158,CU-0236,2023-04-17,true,100
CL-0159,CU-0238,2023-04-11,true,100
CL-0159,CU-0239,2017-08-16,false,26
CL-0160,CU-0239,2023-07-11,true,100
CL-0160,CU-0240,2018-04-25,false,44
CL-0161,CU-0241,2021-05-11,true,100
CL-0161,CU-0242,2020-03-17,false,59
CL-0162,CU-0242,2016-08-23,true,100
CL-0162,CU-0243,2023-12-07,false,45
CL-0163,CU-0244,2017-06-24,true,100
CL-0163,CU-0245,2018-05-15,false,62
CL-0164,CU-0245,2023-07-13,true,100
CL-0165,CU-0247,2016-01-10,true,100
CL-0166,CU-0248,2019-09-16,true,100
CL-0166,CU-0249,2020-11-24,false,71
CL-0167,CU-0250,2017-10-07,true,100
CL-0168,CU-0251,2019-01-13,true,100
CL-0168,CU-0252,2015-01-30,false,28
CL-0169,CU-0253,2016-03-01,true,100
CL-0169,CU-0254,2021-12-08,false,48
CL-0170,CU-0254,2022-06-23,true,100
CL-0171,CU-0256,2017-03-22,true,100
CL-0172,CU-0257,2017-05-28,true,100
CL-0173,CU-0259,2019-12-21,true,100
CL-0174,CU-0260,2019-05-18,true,100
CL-0174,CU-0261,2015-10-16,false,55
CL-0175,CU-0262,2019-05-05,true,100
CL-0176,CU-0263,2019-05-08,true,100
CL-0177,CU-0265,2021-03-28,true,100
CL-0177,CU-0266,2023-03-25,false,42
CL-0178,CU-0266,2018-06-27,true,100
CL-0178,CU-0267,2023-12-06,false,69
CL-0179,CU-0268,2023-12-05,true,100
CL-0180,CU-0269,2021-09-20,true,100
CL-0181,CU-0271,2016-06-02,true,100
CL-0181,CU-0272,2020-12-14,false,44
CL-0182,CU-0272,2020-09-27,true,100
CL-0183,CU-0274,2020-12-29,true,100
CL-0184,CU-0275,2021-06-09,true,100
CL-0184,CU-0276,2019-05-30,false,63
CL-0185,CU-0277,2017-07-16,true,100
CL-0186,CU-0278,2017-11-08,true,100
CL-0186,CU-0279,2017-11-14,false,28
CL-0187,CU-0280,2019-02-24,true,100
CL-0187,CU-0281,2019-12-07,false,34
CL-0188,CU-0281,2020-08-03,true,100
CL-0188,CU-0282,2023-06-24,false,54
CL-0189,CU-0283,2015-12-06,true,100
CL-0190,CU-0284,2023-10-03,true,100
CL-0191,CU-0286,2017-03-13,true,100
CL-0191,CU-0287,2022-04-16,false,50
CL-0192,CU-0287,2015-04-15,true,100
CL-0193,CU-0289,2019-07-30,true,100
CL-0194,CU-0290,2022-05-31,true,100
CL-0195,CU-0292,2021-07-20,true,100
CL-0195,CU-0293,2022-08-05,false,43
CL-0196,CU-0293,2020-05-08,true,100
CL-0197,CU-0295,2017-03-04,true,100
CL-0198,CU-0296,2021-12-31,true,100
CL-0199,CU-0298,2015-09-14,true,100
CL-0200,CU-0299,2015-08-17,true,100
CL-0200,CU-0300,2022-11-02,false,49
CL-0201,CU-0301,2020-11-28,true,100
CL-0201,CU-0302,2019-03-20,false,40
CL-0202,CU-0302,2016-07-03,true,100
CL-0202,CU-0303,2016-02-14,false,69
CL-0203,CU-0304,2023-10-28,true,100
CL-0203,CU-0305,2021-03-22,false,61
CL-0204,CU-0305,2018-11-17,true,100
CL-0205,CU-0307,2023-02-24,true,100
CL-0205,CU-0308,2023-01-26,false,73
CL-0206,CU-0308,2018-06-02,true,100
CL-0207,CU-0310,2015-06-11,true,100
CL-0207,CU-0311,2023-09-26,false,48
CL-0208,CU-0311,2015-12-28,true,100
CL-0208,CU-0312,2016-10-12,false,51
CL-0209,CU-0313,2019-05-10,true,100
CL-0209,CU-0314,2018-11-20,false,49
CL-0210,CU-0314,2016-02-18,true,100
CL-0210,CU-0315,2022-08-19,false,52
CL-0211,CU-0316,2019-06-07,true,100
CL-0211,CU-0317,2019-05-16,false,51
CL-0212,CU-0317,2016-01-25,true,100
CL-0212,CU-0318,2018-10-04,false,54
CL-0213,CU-0319,2015-12-07,true,100
CL-0214,CU-0320,2016-07-28,true,100
CL-0215,CU-0322,2020-07-17,true,100
CL-0216,CU-0323,2016-03-04,true,100
CL-0217,CU-0325,2022-10-07,true,100
CL-0218,CU-0326,2022-01-08,true,100
CL-0218,CU-0327,2020-11-26,false,74
CL-0219,CU-0328,2023-08-01,true,100
CL-0220,CU-0329,2021-05-22,true,100
CL-0220,CU-0330,2019-09-28,false,56
CL-0221,CU-0331,2019-08-04,true,100
CL-0222,CU-0332,2019-01-20,true,100
CL-0223,CU-0334,2016-07-16,true,100
CL-0223,CU-0335,2018-11-14,false,54
CL-0224,CU-0335,2015-11-17,true,100
CL-0224,CU-0336,2018-12-02,false,26
CL-0225,CU-0337,2017-02-07,true,100
CL-0226,CU-0338,2021-10-23,true,100
CL-0226,CU-0339,2023-12-14,false,65
CL-0227,CU-0340,2021-01-02,true,100
CL-0227,CU-0341,2015-07-13,false,58
CL-0228,CU-0341,2015-09-26,true,100
CL-0228,CU-0342,2020-08-26,false,52
CL-0229,CU-0343,2023-06-07,true,100
CL-0230,CU-0344,2017-11-01,true,100
CL-0231,CU-0346,2018-02-21,true,100
CL-0232,CU-0347,2016-10-21,true,100
CL-0233,CU-0349,2021-01-21,true,100
CL-0233,CU-0350,2019-03-11,false,38
CL-0234,CU-0350,2016-05-22,true,100
CL-0235,CU-0352,2015-09-22,true,100
CL-0236,CU-0353,2017-06-16,true,100
CL-0237,CU-0355,2015-02-09,true,100
CL-0238,CU-0356,2018-02-23,true,100
CL-0239,CU-0358,2015-07-14,true,100
CL-0240,CU-0359,2020-06-29,true,100
CL-0241,CU-0361,2018-11-12,true,100
CL-0241,CU-0362,2021-03-19,false,44
CL-0242,CU-0362,2016-03-10,true,100
CL-0243,CU-0364,2015-06-23,true,100
CL-0243,CU-0365,2018-10-21,false,52
CL-0244,CU-0365,2023-04-02,true,100
CL-0244,CU-0366,2015-01-02,false,34
CL-0245,CU-0367,2020-01-18,true,100
CL-0245,CU-0368,2021-02-23,false,56
CL-0246,CU-0368,2022-07-17,true,100
CL-0247,CU-0370,2021-11-06,true,100
CL-0248,CU-0371,2021-11-05,true,100
CL-0248,CU-0372,2015-08-19,false,34
CL-0249,CU-0373,2023-04-01,true,100
CL-0249,CU-0374,2021-10-01,false,61
CL-0250,CU-0374,2018-01-15,true,100
CL-0251,CU-0376,2017-03-01,true,100
CL-0251,CU-0377,2019-06-06,false,63
CL-0252,CU-0377,2023-09-21,true,100
CL-0253,CU-0379,2020-10-15,true,100
CL-0254,CU-0380,2023-08-14,true,100
CL-0255,CU-0382,2017-12-28,true,100
CL-0255,CU-0383,2020-12-13,false,73
CL-0256,CU-0383,2019-04-08,true,100
CL-0257,CU-0385,2019-08-01,true,100
CL-0258,CU-0386,2015-11-22,true,100
CL-0258,CU-0387,2019-08-19,false,69
CL-0259,CU-0388,2019-05-12,true,100
CL-0260,CU-0389,2022-07-14,true,100
CL-0260,CU-0390,2020-04-29,false,29
CL-0261,CU-0391,2022-12-15,true,100
CL-0261,CU-0392,2020-02-18,false,45
CL-0262,CU-0392,2021-09-14,true,100
CL-0263,CU-0394,2023-01-11,true,100
CL-0263,CU-0395,2022-08-21,false,61
CL-0264,CU-0395,2022-07-20,true,100
CL-0264,CU-0396,2023-11-05,false,36
CL-0265,CU-0397,2021-12-25,true,100
CL-0265,CU-0398,2016-02-11,false,47
CL-0266,CU-0398,2022-12-07,true,100
CL-0266,CU-0399,2021-01-21,false,65
CL-0267,CU-0400,2021-01-20,true,100
CL-0267,CU-0401,2021-02-07,false,71
CL-0268,CU-0401,2022-07-13,true,100
CL-0269,CU-0403,2016-01-30,true,100
CL-0269,CU-0404,2022-09-27,false,33
CL-0270,CU-0404,2018-09-05,true,100
CL-0270,CU-0405,2016-11-02,false,75
CL-0271,CU-0406,2023-06-09,true,100
CL-0271,CU-0407,2020-04-18,false,27
CL-0272,CU-0407,2015-06-06,true,100
CL-0272,CU-0408,2023-11-21,false,59
CL-0273,CU-0409,2018-10-15,true,100
CL-0273,CU-0410,2018-10-16,false,27
CL-0274,CU-0410,2019-10-28,true,100
CL-0274,CU-0411,2016-10-29,false,41
CL-0275,CU-0412,2020-12-28,true,100
CL-0275,CU-0413,2015-11-26,false,59
CL-0276,CU-0413,2019-12-16,true,100
CL-0276,CU-0414,2020-10-16,false,62
CL-0277,CU-0415,2015-04-13,true,100
CL-0277,CU-0416,2016-02-20,false,39
CL-0278,CU-0416,2021-06-21,true,100
CL-0279,CU-0418,2020-11-22,true,100
CL-0280,CU-0419,2015-09-12,true,100
CL-0280,CU-0420,2019-12-01,false,42
CL-0281,CU-0421,2018-05-08,true,100
CL-0282,CU-0422,2015-03-31,true,100
CL-0283,CU-0424,2017-09-13,true,100
CL-0284,CU-0425,2021-12-28,true,100
CL-0284,CU-0426,2022-05-12,false,75
CL-0285,CU-0427,2017-05-17,true,100
CL-0285,CU-0428,2021-03-11,false,72
CL-0286,CU-0428,2021-02-13,true,100
CL-0287,CU-0430,2018-06-26,true,100
CL-0288,CU-0431,2018-04-14,true,100
CL-0289,CU-0433,2016-12-25,true,100
CL-0289,CU-0434,2018-07-01,false,55
CL-0290,CU-0434,2022-09-16,true,100
CL-0290,CU-0435,2023-02-28,false,37
CL-0291,CU-0436,2019-12-08,true,100
CL-0291,CU-0437,2023-06-10,false,36
CL-0292,CU-0437,2019-08-09,true,100
CL-0293,CU-0439,2020-05-26,true,100
CL-0294,CU-0440,2017-08-10,true,100
CL-0295,CU-0442,2020-08-16,true,100
CL-0296,CU-0443,2017-09-17,true,100
CL-0297,CU-0445,2018-07-28,true,100
CL-0297,CU-0446,2023-09-16,false,43
CL-0298,CU-0446,2019-06-14,true,100
CL-0298,CU-0447,2022-05-08,false,57
CL-0299,CU-0448,2017-10-16,true,100
CL-0299,CU-0449,2023-07-16,false,36
CL-0300,CU-0449,2023-05-20,true,100
CL-0301,CU-0451,2021-08-29,true,100
CL-0302,CU-0452,2018-04-27,true,100
CL-0302,CU-0453,2021-09-28,false,49
CL-0303,CU-0454,2016-02-21,true,100
CL-0303,CU-0455,2020-06-18,false,54
CL-0304,CU-0455,2015-08-23,true,100
CL-0305,CU-0457,2021-05-08,true,100
CL-0305,CU-0458,2015-01-13,false,61
CL-0306,CU-0458,2022-10-18,true,100
CL-0307,CU-0460,2019-06-14,true,100
CL-0307,CU-0461,2020-01-01,false,51
CL-0308,CU-0461,2020-03-21,true,100
CL-0309,CU-0463,2021-09-10,true,100
CL-0310,CU-0464,2016-04-28,true,100
CL-0310,CU-0465,2016-01-15,false,73
CL-0311,CU-0466,2017-06-01,true,100
CL-0312,CU-0467,2019-07-13,true,100
CL-0312,CU-0468,2023-03-06,false,35
CL-0313,CU-0469,2020-05-30,true,100
CL-0313,CU-0470,2022-10-10,false,50
CL-0314,CU-0470,2015-10-10,true,100
CL-0315,CU-0472,2023-02-22,true,100
CL-0316,CU-0473,2016-08-06,true,100
CL-0317,CU-0475,2018-11-20,true,100
CL-0318,CU-0476,2023-07-03,true,100
CL-0318,CU-0477,2021-08-15,false,69
CL-0319,CU-0478,2019-03-11,true,100
CL-0319,CU-0479,2015-04-06,false,26
CL-0320,CU-0479,2023-08-01,true,100
CL-0321,CU-0481,2018-05-04,true,100
CL-0321,CU-0482,2018-01-28,false,29
CL-0322,CU-0482,2019-10-13,true,100
CL-0322,CU-0483,2023-08-14,false,49
CL-0323,CU-0484,2015-06-19,true,100
CL-0324,CU-0485,2023-02-26,true,100
CL-0324,CU-0486,2020-01-13,false,35
CL-0325,CU-0487,2019-03-08,true,100
CL-0325,CU-0488,2019-11-12,false,34
CL-0326,CU-0488,2015-03-31,true,100
CL-0327,CU-0490,2016-04-10,true,100
CL-0328,CU-0491,2018-07-31,true,100
CL-0328,CU-0492,2021-01-23,false,61
CL-0329,CU-0493,2021-04-18,true,100
CL-0330,CU-0494,2021-04-30,true,100
CL-0331,CU-0496,2018-08-05,true,100
CL-0332,CU-0497,2020-02-26,true,100
CL-0333,CU-0499,2016-04-26,true,100
CL-0334,CU-0500,2022-03-14,true,100
CL-0335,CU-0502,2022-12-13,true,100
CL-0335,CU-0503,2019-05-27,false,69
CL-0336,CU-0503,2022-06-17,true,100
CL-0337,CU-0505,2017-01-26,true,100
CL-0337,CU-0506,2015-01-20,false,67
CL-0338,CU-0506,2016-09-17,true,100
CL-0339,CU-0508,2020-10-28,true,100
CL-0339,CU-0509,2021-10-25,false,37
CL-0340,CU-0509,2017-07-20,true,100
CL-0341,CU-0511,2020-05-26,true,100
CL-0341,CU-0512,2019-02-06,false,51
CL-0342,CU-0512,2020-05-03,true,100
CL-0342,CU-0513,2021-11-09,false,42
CL-0343,CU-0514,2019-05-09,true,100
CL-0343,CU-0515,2021-02-11,false,45
CL-0344,CU-0515,2017-02-01,true,100
CL-0345,CU-0517,2016-04-23,true,100
CL-0345,CU-0518,2023-07-20,false,43
CL-0346,CU-0518,2016-10-01,true,100
CL-0346,CU-0519,2019-09-11,false,66
CL-0347,CU-0520,2020-06-16,true,100
CL-0348,CU-0521,2019-01-10,true,100
CL-0348,CU-0522,2020-05-04,false,65
CL-0349,CU-0523,2019-11-26,true,100
CL-0349,CU-0524,2023-11-23,false,47
CL-0350,CU-0524,2022-08-03,true,100
CL-0350,CU-0525,2023-05-30,false,53
CL-0351,CU-0526,2019-06-04,true,100
CL-0351,CU-0527,2018-05-10,false,48
CL-0352,CU-0527,2023-09-13,true,100
CL-0353,CU-0529,2018-02-08,true,100
CL-0354,CU-0530,2020-01-11,true,100
CL-0355,CU-0532,2017-12-22,true,100
CL-0356,CU-0533,2021-01-13,true,100
CL-0356,CU-0534,2022-08-23,false,33
CL-0357,CU-0535,2016-01-09,true,100
CL-0357,CU-0536,2019-06-21,false,47
CL-0358,CU-0536,2017-01-21,true,100
CL-0359,CU-0538,2017-05-01,true,100
CL-0359,CU-0539,2018-08-29,false,31
CL-0360,CU-0539,2021-03-05,true,100
CL-0361,CU-0541,2020-05-22,true,100
CL-0361,CU-0542,2020-12-12,false,50
CL-0362,CU-0542,2017-11-29,true,100
CL-0363,CU-0544,2018-01-26,true,100
CL-0364,CU-0545,2021-04-11,true,100
CL-0364,CU-0546,2020-05-13,false,67
CL-0365,CU-0547,2019-12-13,true,100
CL-0365,CU-0548,2018-05-16,false,53
CL-0366,CU-0548,2023-09-20,true,100
CL-0366,CU-0549,2017-03-17,false,62
CL-0367,CU-0550,2022-05-23,true,100
CL-0367,CU-0551,2023-02-01,false,29
CL-0368,CU-0551,2017-03-02,true,100
CL-0369,CU-0553,2020-11-15,true,100
CL-0370,CU-0554,2023-09-14,true,100
CL-0370,CU-0555,2017-01-03,false,56
CL-0371,CU-0556,2021-05-17,true,100
CL-0371,CU-0557,2019-09-09,false,28
CL-0372,CU-0557,2022-06-26,true,100
CL-0372,CU-0558,2021-01-18,false,57
CL-0373,CU-0559,2019-11-30,true,100
CL-0373,CU-0560,2022-06-27,false,70
CL-0374,CU-0560,2023-03-11,true,100
CL-0374,CU-0561,2016-12-16,false,25
CL-0375,CU-0562,2022-09-11,true,100
CL-0375,CU-0563,2022-11-19,false,26
CL-0376,CU-0563,2020-04-11,true,100
CL-0376,CU-0564,2020-12-31,false,43
CL-0377,CU-0565,2016-12-19,true,100
CL-0377,CU-0566,2016-08-13,false,29
CL-0378,CU-0566,2017-05-07,true,100
CL-0378,CU-0567,2017-12-08,false,74
CL-0379,CU-0568,2018-09-15,true,100
CL-0379,CU-0569,2016-01-15,false,59
CL-0380,CU-0569,2018-07-26,true,100
CL-0380,CU-0570,2023-08-28,false,32
CL-0381,CU-0571,2017-08-11,true,100
CL-0381,CU-0572,2015-12-18,false,33
CL-0382,CU-0572,2018-04-15,true,100
CL-0383,CU-0574,2022-08-03,true,100
CL-0384,CU-0575,2022-12-27,true,100
CL-0385,CU-0577,2022-01-18,true,100
CL-0386,CU-0578,2021-12-28,true,100
CL-0386,CU-0579,2015-07-12,false,59
CL-0387,CU-0580,2022-05-31,true,100
CL-0387,CU-0581,2020-09-15,false,52
CL-0388,CU-0581,2023-11-01,true,100
CL-0388,CU-0582,2016-03-18,false,65
CL-0389,CU-0583,2019-11-24,true,100
CL-0389,CU-0584,2019-08-06,false,28
CL-0390,CU-0584,2020-07-17,true,100
CL-0391,CU-0586,2023-12-21,true,100
CL-0392,CU-0587,2021-05-10,true,100
CL-0392,CU-0588,2017-08-28,false,64
CL-0393,CU-0589,2020-03-11,true,100
CL-0393,CU-0590,2015-06-01,false,31
CL-0394,CU-0590,2019-02-22,true,100
CL-0394,CU-0591,2022-10-05,false,35
CL-0395,CU-0592,2019-05-07,true,100
CL-0396,CU-0593,2015-11-15,true,100
CL-0396,CU-0594,2023-04-11,false,33
CL-0397,CU-0595,2019-04-30,true,100
CL-0397,CU-0596,2019-03-13,false,46
CL-0398,CU-0596,2022-09-20,true,100
CL-0399,CU-0598,2023-01-21,true,100
CL-0399,CU-0599,2020-06-14,false,60
CL-0400,CU-0599,2023-11-26,true,100
CL-0400,CU-0600,2017-03-12,false,45
CL-0401,CU-0601,2019-04-03,true,100
CL-0402,CU-0602,2016-07-25,true,100
CL-0403,CU-0604,2017-01-06,true,100
CL-0404,CU-0605,2023-12-14,true,100
CL-0405,CU-0607,2023-01-14,true,100
CL-0405,CU-0608,2016-05-24,false,30
CL-0406,CU-0608,2022-04-26,true,100
CL-0407,CU-0610,2020-08-11,true,100
CL-0408,CU-0611,2015-09-03,true,100
CL-0409,CU-0613,2015-12-03,true,100
CL-0410,CU-0614,2021-09-26,true,100
CL-0410,CU-0615,2020-10-26,false,28
CL-0411,CU-0616,2023-01-27,true,100
CL-0412,CU-0617,2019-12-19,true,100
CL-0412,CU-0618,2022-09-09,false,45
CL-0413,CU-0619,2019-01-14,true,100
CL-0413,CU-0620,2020-01-04,false,68
CL-0414,CU-0620,2017-10-07,true,100
CL-0414,CU-0621,2018-04-03,false,68
CL-0415,CU-0622,2016-09-05,true,100
CL-0416,CU-0623,2017-07-26,true,100
CL-0417,CU-0625,2017-02-10,true,100
CL-0418,CU-0626,2022-06-06,true,100
CL-0419,CU-0628,2021-03-01,true,100
CL-0420,CU-0629,2019-08-31,true,100
CL-0421,CU-0631,2021-07-04,true,100
CL-0421,CU-0632,2023-02-23,false,41
CL-0422,CU-0632,2019-01-07,true,100
CL-0423,CU-0634,2020-11-17,true,100
CL-0424,CU-0635,2019-05-17,true,100
CL-0424,CU-0636,2021-09-25,false,58
CL-0425,CU-0637,2017-04-25,true,100
CL-0425,CU-0638,2016-07-20,false,61
CL-0426,CU-0638,2018-07-16,true,100
CL-0426,CU-0639,2020-09-21,false,42
CL-0427,CU-0640,2019-10-15,true,100
CL-0427,CU-0641,2016-08-03,false,55
CL-0428,CU-0641,2022-04-07,true,100
CL-0429,CU-0643,2020-03-24,true,100
CL-0430,CU-0644,2022-01-04,true,100
CL-0431,CU-0646,2017-11-28,true,100
CL-0432,CU-0647,2019-05-27,true,100
CL-0432,CU-0648,2021-11-04,false,58
CL-0433,CU-0649,2018-11-25,true,100
CL-0433,CU-0650,2021-04-28,false,59
CL-0434,CU-0650,2021-10-01,true,100
CL-0435,CU-0652,2019-04-04,true,100
CL-0436,CU-0653,2015-04-26,true,100
CL-0436,CU-0654,2021-06-07,false,44
CL-0437,CU-0655,2020-11-18,true,100
CL-0437,CU-0656,2017-03-23,false,28
CL-0438,CU-0656,2016-08-25,true,100
CL-0438,CU-0657,2019-10-10,false,43
CL-0439,CU-0658,2023-01-30,true,100
CL-0439,CU-0659,2018-09-20,false,57
CL-0440,CU-0659,2016-12-27,true,100
CL-0440,CU-0660,2018-01-01,false,42
CL-0441,CU-0661,2019-05-12,true,100
CL-0441,CU-0662,2017-09-20,false,30
CL-0442,CU-0662,2023-03-01,true,100
CL-0443,CU-0664,2023-12-08,true,100
CL-0443,CU-0665,2016-07-26,false,68
CL-0444,CU-0665,2021-06-30,true,100
CL-0445,CU-0667,2020-02-22,true,100
CL-0446,CU-0668,2021-07-27,true,100
CL-0446,CU-0669,2017-10-03,false,68
CL-0447,CU-0670,2021-08-09,true,100
CL-0448,CU-0671,2022-09-08,true,100
CL-0449,CU-0673,2016-08-09,true,100
CL-0450,CU-0674,2015-06-05,true,100
CL-0451,CU-0676,2023-06-07,true,100
CL-0452,CU-0677,2018-10-29,true,100
CL-0453,CU-0679,2016-07-21,true,100
CL-0454,CU-0680,2015-11-17,true,100
CL-0454,CU-0681,2017-05-11,false,49
CL-0455,CU-0682,2015-05-12,true,100
CL-0455,CU-0683,2018-08-22,false,43
CL-0456,CU-0683,2023-01-07,true,100
CL-0457,CU-0685,2022-07-04,true,100
CL-0457,CU-0686,2018-09-21,false,35
CL-0458,CU-0686,2020-06-24,true,100
CL-0459,CU-0688,2015-01-06,true,100
CL-0460,CU-0689,2020-08-02,true,100
CL-0460,CU-0690,2020-05-04,false,48
CL-0461,CU-0691,2021-11-21,true,100
CL-0462,CU-0692,2023-06-03,true,100
CL-0463,CU-0694,2017-04-22,true,100
CL-0464,CU-0695,2016-10-10,true,100
CL-0465,CU-0697,2015-04-19,true,100
CL-0465,CU-0698,2020-05-02,false,40
CL-0466,CU-0698,2023-07-11,true,100
CL-0466,CU-0699,2020-03-16,false,57
CL-0467,CU-0700,2017-09-09,true,100
CL-0467,CU-0701,2016-10-20,false,52
CL-0468,CU-0701,2017-11-16,true,100
CL-0468,CU-0702,2020-12-18,false,44
CL-0469,CU-0703,2018-01-19,true,100
CL-0469,CU-0704,2022-02-17,false,39
CL-0470,CU-0704,2023-09-16,true,100
CL-0471,CU-0706,2017-05-05,true,100
CL-0472,CU-0707,2017-06-13,true,100
CL-0473,CU-0709,2021-02-09,true,100
CL-0474,CU-0710,2017-11-20,true,100
CL-0474,CU-0711,2017-09-21,false,53
CL-0475,CU-0712,2020-05-24,true,100
CL-0475,CU-0713,2017-08-25,false,28
CL-0476,CU-0713,2021-02-22,true,100
CL-0476,CU-0714,2018-11-05,false,59
CL-0477,CU-0715,2015-11-13,true,100
CL-0478,CU-0716,2023-05-04,true,100
CL-0478,CU-0717,2018-02-11,false,73
CL-0479,CU-0718,2021-10-03,true,100
CL-0479,CU-0719,2021-11-14,false,51
CL-0480,CU-0719,2016-07-21,true,100
CL-0481,CU-0721,2017-04-23,true,100
CL-0481,CU-0722,2016-01-17,false,33
CL-0482,CU-0722,2016-09-03,true,100
CL-0483,CU-0724,2019-02-06,true,100
CL-0483,CU-0725,2020-08-15,false,57
CL-0484,CU-0725,2023-04-01,true,100
CL-0485,CU-0727,2022-09-24,true,100
CL-0486,CU-0728,2015-03-27,true,100
CL-0487,CU-0730,2021-02-03,true,100
CL-0487,CU-0731,2016-05-04,false,42
CL-0488,CU-0731,2016-06-06,true,100
CL-0489,CU-0733,2020-03-29,true,100
CL-0489,CU-0734,2015-03-26,false,67
CL-0490,CU-0734,2020-01-20,true,100
CL-0490,CU-0735,2015-08-28,false,54
CL-0491,CU-0736,2021-12-13,true,100
CL-0491,CU-0737,2022-11-21,false,68
CL-0492,CU-0737,2018-05-14,true,100
CL-0493,CU-0739,2022-12-29,true,100
CL-0493,CU-0740,2018-11-08,false,44
CL-0494,CU-0740,2018-08-27,true,100
CL-0494,CU-0741,2022-05-03,false,63
CL-0495,CU-0742,2015-10-12,true,100
CL-0495,CU-0743,2016-02-27,false,39
CL-0496,CU-0743,2019-03-12,true,100
CL-0497,CU-0745,2023-12-23,true,100
CL-0497,CU-0746,2020-11-26,false,56
CL-0498,CU-0746,2016-04-24,true,100
CL-0499,CU-0748,2016-06-18,true,100
CL-0500,CU-0749,2016-10-06,true,100
CL-0500,CU-0750,2019-05-05,false,43
CL-0501,CU-0751,2021-09-29,true,100
CL-0501,CU-0752,2023-02-18,false,52
CL-0502,CU-0752,2021-05-31,true,100
CL-0503,CU-0754,2019-10-17,true,100
CL-0503,CU-0755,2020-12-04,false,43
CL-0504,CU-0755,2020-10-04,true,100
CL-0504,CU-0756,2017-05-25,false,70
CL-0505,CU-0757,2015-02-21,true,100
CL-0506,CU-0758,2017-02-26,true,100
CL-0507,CU-0760,2021-03-22,true,100
CL-0507,CU-0761,2022-08-14,false,47
CL-0508,CU-0761,2016-07-07,true,100
CL-0508,CU-0762,2019-03-29,false,37
CL-0509,CU-0763,2022-10-17,true,100
CL-0510,CU-0764,2018-12-04,true,100
CL-0510,CU-0765,2015-05-22,false,36
CL-0511,CU-0766,2022-02-09,true,100
CL-0511,CU-0767,2015-10-18,false,63
CL-0512,CU-0767,2019-05-12,true,100
CL-0513,CU-0769,2017-01-24,true,100
CL-0513,CU-0770,2016-03-28,false,72
CL-0514,CU-0770,2016-12-09,true,100
CL-0515,CU-0772,2021-03-01,true,100
CL-0516,CU-0773,2016-10-27,true,100
CL-0516,CU-0774,2020-10-15,false,60
CL-0517,CU-0775,2020-06-24,true,100
CL-0518,CU-0776,2019-11-16,true,100
CL-0519,CU-0778,2023-04-09,true,100
CL-0519,CU-0779,2023-09-16,false,70
CL-0520,CU-0779,2021-05-20,true,100
CL-0520,CU-0780,2020-07-14,false,27
CL-0521,CU-0781,2022-04-10,true,100
CL-0521,CU-0782,2022-01-03,false,45
CL-0522,CU-0782,2023-03-02,true,100
CL-0523,CU-0784,2021-04-25,true,100
CL-0524,CU-0785,2022-06-08,true,100
CL-0524,CU-0786,2022-01-26,false,42
CL-0525,CU-0787,2023-05-11,true,100
CL-0526,CU-0788,2018-11-16,true,100
CL-0527,CU-0790,2016-08-10,true,100
CL-0527,CU-0791,2017-02-12,false,62
CL-0528,CU-0791,2023-11-03,true,100
CL-0528,CU-0792,2015-04-20,false,36
CL-0529,CU-0793,2015-11-13,true,100
CL-0530,CU-0794,2020-09-14,true,100
CL-0531,CU-0796,2015-01-22,true,100
CL-0531,CU-0797,2022-09-12,false,27
CL-0532,CU-0797,2015-06-14,true,100
CL-0533,CU-0799,2017-01-02,true,100
CL-0534,CU-0800,2015-08-14,true,100
CL-0535,CU-0802,2017-08-23,true,100
CL-0535,CU-0803,2016-06-21,false,72
CL-0536,CU-0803,2015-06-24,true,100
CL-0537,CU-0805,2021-06-16,true,100
CL-0538,CU-0806,2019-04-20,true,100
CL-0538,CU-0807,2023-08-05,false,28
CL-0539,CU-0808,2018-04-08,true,100
CL-0540,CU-0809,2019-04-18,true,100
CL-0540,CU-0810,2015-10-18,false,53
CL-0541,CU-0811,2015-03-05,true,100
CL-0542,CU-0812,2018-03-17,true,100
CL-0543,CU-0814,2021-01-06,true,100
CL-0543,CU-0815,2017-01-12,false,41
CL-0544,CU-0815,2018-12-14,true,100
CL-0544,CU-0816,2021-05-04,false,64
CL-0545,CU-0817,2023-08-16,true,100
CL-0546,CU-0818,2020-06-18,true,100
CL-0547,CU-0820,2021-05-14,true,100
CL-0548,CU-0821,2023-11-13,true,100
CL-0549,CU-0823,2019-09-12,true,100
CL-0549,CU-0824,2018-08-20,false,28
CL-0550,CU-0824,2020-10-10,true,100
CL-0550,CU-0825,2020-12-14,false,65
CL-0551,CU-0826,2020-03-07,true,100
CL-0551,CU-0827,2023-01-15,false,52
CL-0552,CU-0827,2017-01-18,true,100
CL-0553,CU-0829,2017-03-17,true,100
CL-0553,CU-0830,2016-05-11,false,52
CL-0554,CU-0830,2017-09-04,true,100
CL-0555,CU-0832,2015-08-06,true,100
CL-0555,CU-0833,2016-09-21,false,69
CL-0556,CU-0833,2018-10-25,true,100
CL-0556,CU-0834,2015-03-05,false,50
CL-0557,CU-0835,2016-06-02,true,100
CL-0558,CU-0836,2023-10-19,true,100
CL-0558,CU-0837,2015-09-07,false,69
CL-0559,CU-0838,2016-09-24,true,100
CL-0559,CU-0839,2018-02-01,false,30
CL-0560,CU-0839,2021-10-28,true,100
CL-0560,CU-0840,2017-11-19,false,74
CL-0561,CU-0841,2019-11-02,true,100
CL-0561,CU-0842,2018-05-12,false,49
CL-0562,CU-0842,2019-04-01,true,100
CL-0562,CU-0843,2020-03-27,false,50
CL-0563,CU-0844,2019-08-14,true,100
CL-0563,CU-0845,2021-11-20,false,32
CL-0564,CU-0845,2016-11-10,true,100
CL-0564,CU-0846,2023-01-04,false,57
CL-0565,CU-0847,2015-02-04,true,100
CL-0565,CU-0848,2015-03-13,false,25
CL-0566,CU-0848,2022-10-28,true,100
CL-0567,CU-0850,2017-05-17,true,100
CL-0568,CU-0851,2017-12-13,true,100
CL-0568,CU-0852,2017-02-22,false,53
CL-0569,CU-0853,2020-06-26,true,100
CL-0569,CU-0854,2023-03-16,false,31
CL-0570,CU-0854,2023-07-02,true,100
CL-0571,CU-0856,2017-09-11,true,100
CL-0571,CU-0857,2020-09-10,false,36
CL-0572,CU-0857,2017-01-09,true,100
CL-0573,CU-0859,2018-08-24,true,100
CL-0574,CU-0860,2017-07-03,true,100
CL-0575,CU-0862,2019-10-18,true,100
CL-0575,CU-0863,2023-10-02,false,74
CL-0576,CU-0863,2022-03-15,true,100
CL-0577,CU-0865,2017-05-06,true,100
CL-0578,CU-0866,2018-01-05,true,100
CL-0579,CU-0868,2015-07-01,true,100
CL-0579,CU-0869,2016-04-18,false,46
CL-0580,CU-0869,2016-04-30,true,100
CL-0580,CU-0870,2020-04-12,false,56
CL-0581,CU-0871,2019-02-20,true,100
CL-0581,CU-0872,2020-03-06,false,59
CL-0582,CU-0872,2019-11-26,true,100
CL-0582,CU-0873,2015-11-18,false,27
CL-0583,CU-0874,2015-05-27,true,100
CL-0584,CU-0875,2018-12-10,true,100
CL-0585,CU-0877,2016-05-17,true,100
CL-0586,CU-0878,2016-10-28,true,100
CL-0586,CU-0879,2022-03-23,false,71
CL-0587,CU-0880,2020-08-08,true,100
CL-0587,CU-0881,2021-10-27,false,73
CL-0588,CU-0881,2021-12-27,true,100
CL-0589,CU-0883,2022-01-06,true,100
CL-0590,CU-0884,2018-05-19,true,100
CL-0591,CU-0886,2018-03-14,true,100
CL-0592,CU-0887,2016-06-09,true,100
CL-0593,CU-0889,2021-08-08,true,100
CL-0593,CU-0890,2022-03-15,false,68
CL-0594,CU-0890,2017-07-11,true,100
CL-0594,CU-0891,2015-12-20,false,45
CL-0595,CU-0892,2022-02-07,true,100
CL-0595,CU-0893,2018-12-08,false,68
CL-0596,CU-0893,2022-04-10,true,100
CL-0597,CU-0895,2020-08-23,true,100
CL-0598,CU-0896,2019-02-26,true,100
CL-0598,CU-0897,2020-08-02,false,74
CL-0599,CU-0898,2020-03-02,true,100
CL-0599,CU-0899,2018-09-07,false,31
CL-0600,CU-0899,2016-03-25,true,100
CL-0601,CU-0901,2023-04-01,true,100
CL-0602,CU-0902,2017-02-27,true,100
CL-0603,CU-0904,2015-08-11,true,100
CL-0603,CU-0905,2022-06-18,false,72
CL-0604,CU-0905,2018-01-29,true,100
CL-0604,CU-0906,2017-11-15,false,49
CL-0605,CU-0907,2015-03-09,true,100
CL-0605,CU-0908,2016-03-07,false,67
CL-0606,CU-0908,2022-01-28,true,100
CL-0607,CU-0910,2017-09-28,true,100
CL-0608,CU-0911,2023-01-07,true,100
CL-0608,CU-0912,2022-08-02,false,44
CL-0609,CU-0913,2021-02-27,true,100
CL-0610,CU-0914,2016-12-25,true,100
CL-0610,CU-0915,2021-11-28,false,39
CL-0611,CU-0916,2019-07-09,true,100
CL-0612,CU-0917,2018-08-16,true,100
CL-0612,CU-0918,2020-02-01,false,27
CL-0613,CU-0919,2020-04-08,true,100
CL-0614,CU-0920,2017-10-19,true,100
CL-0614,CU-0921,2017-07-25,false,56
CL-0615,CU-0922,2015-10-01,true,100
CL-0616,CU-0923,2019-09-26,true,100
CL-0617,CU-0925,2017-02-27,true,100
CL-0617,CU-0926,2019-07-04,false,27
CL-0618,CU-0926,2018-04-21,true,100
CL-0618,CU-0927,2023-11-10,false,71
CL-0619,CU-0928,2015-12-06,true,100
CL-0619,CU-0929,2017-01-23,false,55
CL-0620,CU-0929,2015-11-20,true,100
CL-0621,CU-0931,2020-12-27,true,100
CL-0622,CU-0932,2019-05-09,true,100
CL-0623,CU-0934,2022-04-05,true,100
CL-0624,CU-0935,2020-03-31,true,100
CL-0624,CU-0936,2018-07-08,false,51
CL-0625,CU-0937,2019-11-14,true,100
CL-0626,CU-0938,2018-05-16,true,100
CL-0627,CU-0940,2020-09-01,true,100
CL-0628,CU-0941,2021-11-29,true,100
CL-0628,CU-0942,2019-05-10,false,25
CL-0629,CU-0943,2019-04-23,true,100
CL-0629,CU-0944,2019-07-09,false,31
CL-0630,CU-0944,2023-04-07,true,100
CL-0631,CU-0946,2021-03-05,true,100
CL-0632,CU-0947,2015-12-23,true,100
CL-0633,CU-0949,2020-05-23,true,100
CL-0634,CU-0950,2020-08-20,true,100
CL-0634,CU-0951,2019-10-31,false,44
CL-0635,CU-0952,2019-01-18,true,100
CL-0636,CU-0953,2015-04-02,true,100
CL-0637,CU-0955,2018-08-10,true,100
CL-0637,CU-0956,2017-07-03,false,37
CL-0638,CU-0956,2017-03-22,true,100
CL-0638,CU-0957,2016-04-07,false,41
CL-0639,CU-0958,2020-08-16,true,100
CL-0640,CU-0959,2021-06-29,true,100
CL-0640,CU-0960,2016-01-22,false,58
CL-0641,CU-0961,2016-05-06,true,100
CL-0641,CU-0962,2022-05-24,false,55
CL-0642,CU-0962,2022-04-03,true,100
CL-0642,CU-0963,2019-06-05,false,59
CL-0643,CU-0964,2017-06-11,true,100
CL-0643,CU-0965,2017-10-22,false,45
CL-0644,CU-0965,2023-12-16,true,100
CL-0644,CU-0966,2021-08-19,false,49
CL-0645,CU-0967,2022-06-27,true,100
CL-0645,CU-0968,2022-09-02,false,35
CL-0646,CU-0968,2015-04-28,true,100
CL-0647,CU-0970,2023-08-11,true,100
CL-0647,CU-0971,2021-05-14,false,73
CL-0648,CU-0971,2018-10-17,true,100
CL-0649,CU-0973,2020-12-05,true,100
CL-0649,CU-0974,2023-09-05,false,40
CL-0650,CU-0974,2015-02-14,true,100
CL-0651,CU-0976,2023-12-20,true,100
CL-0652,CU-0977,2020-12-30,true,100
CL-0652,CU-0978,2015-08-30,false,67
CL-0653,CU-0979,2019-02-17,true,100
CL-0653,CU-0980,2019-07-20,false,65
CL-0654,CU-0980,2017-11-06,true,100
CL-0655,CU-0982,2021-12-02,true,100
CL-0655,CU-0983,2016-02-01,false,71
CL-0656,CU-0983,2020-09-07,true,100
CL-0657,CU-0985,2017-08-10,true,100
CL-0657,CU-0986,2018-04-03,false,60
CL-0658,CU-0986,2015-12-16,true,100
CL-0659,CU-0988,2019-12-10,true,100
CL-0660,CU-0989,2020-01-29,true,100
CL-0661,CU-0991,2020-09-03,true,100
CL-0661,CU-0992,2023-10-14,false,38
CL-0662,CU-0992,2015-07-12,true,100
CL-0662,CU-0993,2020-07-27,false,62
CL-0663,CU-0994,2016-07-17,true,100
CL-0664,CU-0995,2021-03-31,true,100
CL-0665,CU-0997,2019-05-01,true,100
CL-0666,CU-0998,2015-12-19,true,100
CL-0666,CU-0999,2020-07-04,false,53
CL-0667,CU-1000,2016-05-03,true,100
CL-0668,CU-1001,2017-07-14,true,100
CL-0669,CU-1003,2015-06-28,true,100
CL-0669,CU-1004,2016-12-15,false,28
CL-0670,CU-1004,2017-06-15,true,100
CL-0670,CU-1005,2019-11-24,false,29
CL-0671,CU-1006,2018-06-27,true,100
CL-0671,CU-1007,2018-08-01,false,54
CL-0672,CU-1007,2016-03-08,true,100
CL-0672,CU-1008,2020-04-24,false,65
CL-0673,CU-1009,2020-08-18,true,100
CL-0674,CU-1010,2022-03-01,true,100
CL-0674,CU-1011,2020-12-04,false,25
CL-0675,CU-1012,2023-11-20,true,100
CL-0676,CU-1013,2015-04-26,true,100
CL-0677,CU-1015,2016-01-05,true,100
CL-0678,CU-1016,2017-09-05,true,100
CL-0679,CU-1018,2022-09-15,true,100
CL-0680,CU-1019,2023-02-03,true,100
CL-0681,CU-1021,2018-02-05,true,100
CL-0682,CU-1022,2017-11-11,true,100
CL-0683,CU-1024,2015-11-23,true,100
CL-0684,CU-1025,2023-02-24,true,100
CL-0685,CU-1027,2023-10-30,true,100
CL-0686,CU-1028,2016-03-22,true,100
CL-0687,CU-1030,2022-05-29,true,100
CL-0687,CU-1031,2022-02-19,false,60
CL-0688,CU-1031,2021-07-04,true,100
CL-0689,CU-1033,2020-03-24,true,100
CL-0690,CU-1034,2016-08-26,true,100
CL-0690,CU-1035,2017-12-27,false,43
CL-0691,CU-1036,2022-03-27,true,100
CL-0692,CU-1037,2022-12-20,true,100
CL-0692,CU-1038,2019-09-19,false,43
CL-0693,CU-1039,2019-03-26,true,100
CL-0693,CU-1040,2015-11-06,false,58
CL-0694,CU-1040,2019-10-13,true,100
CL-0694,CU-1041,2021-04-16,false,61
CL-0695,CU-1042,2019-03-10,true,100
CL-0696,CU-1043,2017-04-25,true,100
CL-0697,CU-1045,2018-09-06,true,100
CL-0697,CU-1046,2021-12-18,false,73
CL-0698,CU-1046,2018-06-21,true,100
CL-0698,CU-1047,2020-06-19,false,27
CL-0699,CU-1048,2018-04-08,true,100
CL-0700,CU-1049,2023-04-28,true,100
CL-0700,CU-1050,2022-09-17,false,32
CL-0701,CU-1051,2022-10-27,true,100
CL-0702,CU-1052,2020-09-23,true,100
CL-0703,CU-1054,2017-07-01,true,100
CL-0704,CU-1055,2023-05-14,true,100
CL-0705,CU-1057,2018-11-24,true,100
CL-0705,CU-1058,2019-09-25,false,32
CL-0706,CU-1058,2020-12-30,true,100
CL-0706,CU-1059,2022-02-14,false,74
CL-0707,CU-1060,2021-02-03,true,100
CL-0707,CU-1061,2015-10-16,false,33
CL-0708,CU-1061,2019-07-10,true,100
CL-0708,CU-1062,2019-08-13,false,68
CL-0709,CU-1063,2019-04-27,true,100
CL-0710,CU-1064,2023-03-04,true,100
CL-0711,CU-1066,2020-01-30,true,100
CL-0711,CU-1067,2022-07-23,false,26
CL-0712,CU-1067,2022-10-21,true,100
CL-0712,CU-1068,2023-10-20,false,49
CL-0713,CU-1069,2020-02-11,true,100
CL-0713,CU-1070,2023-11-15,false,43
CL-0714,CU-1070,2019-03-01,true,100
CL-0714,CU-1071,2021-09-11,false,53
CL-0715,CU-1072,2022-06-11,true,100
CL-0715,CU-1073,2018-08-02,false,63
CL-0716,CU-1073,2020-07-01,true,100
CL-0716,CU-1074,2019-11-12,false,55
CL-0717,CU-1075,2022-10-04,true,100
CL-0718,CU-1076,2015-06-10,true,100
CL-0719,CU-1078,2018-07-26,true,100
CL-0719,CU-1079,2015-05-20,false,71
CL-0720,CU-1079,2020-11-18,true,100
CL-0720,CU-1080,2016-06-29,false,37
CL-0721,CU-1081,2023-10-02,true,100
CL-0722,CU-1082,2017-08-20,true,100
CL-0722,CU-1083,2017-07-06,false,61
CL-0723,CU-1084,2018-02-16,true,100
CL-0724,CU-1085,2023-08-30,true,100
CL-0724,CU-1086,2018-03-03,false,69
CL-0725,CU-1087,2022-06-13,true,100
CL-0726,CU-1088,2019-11-13,true,100
CL-0727,CU-1090,2021-04-22,true,100
CL-0727,CU-1091,2020-08-10,false,50
CL-0728,CU-1091,2020-01-13,true,100
CL-0728,CU-1092,2015-08-02,false,53
CL-0729,CU-1093,2022-03-25,true,100
CL-0730,CU-1094,2017-12-07,true,100
CL-0730,CU-1095,2019-07-08,false,25
CL-0731,CU-1096,2016-09-28,true,100
CL-0731,CU-1097,2015-11-30,false,54
CL-0732,CU-1097,2016-07-08,true,100
CL-0733,CU-1099,2017-10-15,true,100
CL-0734,CU-1100,2015-01-13,true,100
CL-0735,CU-1102,2020-10-06,true,100
CL-0735,CU-1103,2023-12-14,false,53
CL-0736,CU-1103,2023-12-17,true,100
CL-0737,CU-1105,2016-11-04,true,100
CL-0738,CU-1106,2021-08-07,true,100
CL-0739,CU-1108,2018-09-28,true,100
CL-0739,CU-1109,2023-09-19,false,73
CL-0740,CU-1109,2019-06-20,true,100
CL-0740,CU-1110,2021-12-08,false,73
CL-0741,CU-1111,2015-08-14,true,100
CL-0742,CU-1112,2020-08-02,true,100
CL-0743,CU-1114,2019-12-02,true,100
CL-0744,CU-1115,2022-10-17,true,100
CL-0745,CU-1117,2019-09-06,true,100
CL-0746,CU-1118,2017-02-10,true,100
CL-0747,CU-1120,2018-11-17,true,100
CL-0748,CU-1121,2017-07-09,true,100
CL-0748,CU-1122,2023-09-01,false,44
CL-0749,CU-1123,2022-01-02,true,100
CL-0749,CU-1124,2015-11-19,false,61
CL-0750,CU-1124,2018-06-24,true,100
CL-0750,CU-1125,2020-02-04,false,25
CL-0751,CU-1126,2021-01-25,true,100
CL-0751,CU-1127,2023-04-30,false,50
CL-0752,CU-1127,2016-05-23,true,100
CL-0752,CU-1128,2016-04-02,false,70
CL-0753,CU-1129,2023-06-18,true,100
CL-0753,CU-1130,2023-08-26,false,35
CL-0754,CU-1130,2021-11-02,true,100
CL-0754,CU-1131,2020-12-04,false,65
CL-0755,CU-1132,2021-07-27,true,100
CL-0755,CU-1133,2019-03-25,false,40
CL-0756,CU-1133,2017-04-07,true,100
CL-0756,CU-1134,2019-09-27,false,48
CL-0757,CU-1135,2021-12-02,true,100
CL-0758,CU-1136,2016-03-03,true,100
CL-0758,CU-1137,2019-09-07,false,34
CL-0759,CU-1138,2020-02-08,true,100
CL-0759,CU-1139,2017-01-01,false,42
CL-0760,CU-1139,2020-09-01,true,100
CL-0761,CU-1141,2016-11-02,true,100
CL-0761,CU-1142,2021-04-11,false,67
CL-0762,CU-1142,2015-08-21,true,100
CL-0762,CU-1143,2015-12-08,false,70
CL-0763,CU-1144,2016-08-07,true,100
CL-0764,CU-1145,2019-03-05,true,100
CL-0765,CU-1147,2019-10-03,true,100
CL-0765,CU-1148,2020-01-13,false,28
CL-0766,CU-1148,2022-08-04,true,100
CL-0767,CU-1150,2020-09-23,true,100
CL-0768,CU-1151,2016-05-01,true,100
CL-0768,CU-1152,2020-03-18,false,32
CL-0769,CU-1153,2018-01-01,true,100
CL-0770,CU-1154,2023-01-10,true,100
CL-0770,CU-1155,2021-11-04,false,61
CL-0771,CU-1156,2023-01-13,true,100
CL-0772,CU-1157,2020-05-05,true,100
CL-0773,CU-1159,2020-10-13,true,100
CL-0774,CU-1160,2016-09-05,true,100
CL-0775,CU-1162,2015-11-19,true,100
CL-0776,CU-1163,2016-03-04,true,100
CL-0777,CU-1165,2015-05-13,true,100
CL-0777,CU-1166,2018-07-06,false,27
CL-0778,CU-1166,2018-07-03,true,100
CL-0779,CU-1168,2016-03-22,true,100
CL-0779,CU-1169,2022-02-09,false,30
CL-0780,CU-1169,2017-09-01,true,100
CL-0780,CU-1170,2018-04-24,false,30
CL-0781,CU-1171,2022-12-04,true,100
CL-0781,CU-1172,2017-11-17,false,30
CL-0782,CU-1172,2019-07-28,true,100
CL-0782,CU-1173,2018-11-15,false,48
CL-0783,CU-1174,2018-09-04,true,100
CL-0783,CU-1175,2015-12-18,false,36
CL-0784,CU-1175,2017-04-25,true,100
CL-0785,CU-1177,2019-01-31,true,100
CL-0785,CU-1178,2021-08-01,false,29
CL-0786,CU-1178,2023-11-26,true,100
CL-0786,CU-1179,2023-06-20,false,44
CL-0787,CU-1180,2018-11-30,true,100
CL-0788,CU-1181,2019-07-22,true,100
CL-0788,CU-1182,2017-03-03,false,26
CL-0789,CU-1183,2019-04-14,true,100
CL-0790,CU-1184,2017-08-11,true,100
CL-0791,CU-1186,2023-01-07,true,100
CL-0791,CU-1187,2018-06-14,false,57
CL-0792,CU-1187,2018-09-25,true,100
CL-0792,CU-1188,2015-03-20,false,28
CL-0793,CU-1189,2018-04-21,true,100
CL-0793,CU-1190,2017-12-08,false,38
CL-0794,CU-1190,2017-01-04,true,100
CL-0794,CU-1191,2018-07-22,false,66
CL-0795,CU-1192,2015-09-21,true,100
CL-0796,CU-1193,2019-08-20,true,100
CL-0797,CU-1195,2017-08-04,true,100
CL-0797,CU-1196,2019-06-17,false,41
CL-0798,CU-1196,2015-03-22,true,100
CL-0798,CU-1197,2019-05-29,false,66
CL-0799,CU-1198,2021-11-17,true,100
CL-0799,CU-1199,2019-10-16,false,65
CL-0800,CU-1199,2020-06-11,true,100
CL-0800,CU-1200,2020-09-08,false,65
CL-0801,CU-1201,2017-05-01,true,100
CL-0802,CU-1202,2015-09-22,true,100
CL-0802,CU-1203,2018-06-19,false,75
CL-0803,CU-1204,2016-09-05,true,100
CL-0803,CU-1205,2018-01-27,false,42
CL-0804,CU-1205,2018-01-30,true,100
CL-0804,CU-1206,2023-08-24,false,62
CL-0805,CU-1207,2022-09-07,true,100
CL-0806,CU-1208,2017-06-04,true,100
CL-0806,CU-1209,2018-11-18,false,26
CL-0807,CU-1210,2022-07-01,true,100
CL-0808,CU-1211,2017-03-15,true,100
CL-0808,CU-1212,2018-12-09,false,72
CL-0809,CU-1213,2020-11-02,true,100
CL-0810,CU-1214,2015-06-10,true,100
CL-0810,CU-1215,2019-03-31,false,38
CL-0811,CU-1216,2021-09-27,true,100
CL-0812,CU-1217,2022-02-22,true,100
CL-0812,CU-1218,2023-03-17,false,50
CL-0813,CU-1219,2016-02-07,true,100
CL-0813,CU-1220,2023-09-29,false,38
CL-0814,CU-1220,2020-02-10,true,100
CL-0815,CU-1222,2015-07-21,true,100
CL-0816,CU-1223,2018-05-10,true,100
CL-0817,CU-1225,2016-12-09,true,100
CL-0818,CU-1226,2023-08-04,true,100
CL-0818,CU-1227,2023-09-20,false,42
CL-0819,CU-1228,2020-10-16,true,100
CL-0820,CU-1229,2023-06-25,true,100
CL-0820,CU-1230,2020-04-17,false,70
CL-0821,CU-1231,2023-03-21,true,100
CL-0822,CU-1232,2021-06-16,true,100
CL-0823,CU-1234,2022-04-04,true,100
CL-0824,CU-1235,2019-01-24,true,100
CL-0825,CU-1237,2021-10-16,true,100
CL-0826,CU-1238,2019-04-19,true,100
CL-0827,CU-1240,2017-09-06,true,100
CL-0828,CU-1241,2022-05-22,true,100
CL-0829,CU-1243,2023-12-24,true,100
CL-0830,CU-1244,2016-06-04,true,100
CL-0830,CU-1245,2018-07-25,false,62
CL-0831,CU-1246,2016-07-03,true,100
CL-0832,CU-1247,2019-01-19,true,100
CL-0832,CU-1248,2020-06-28,false,72
CL-0833,CU-1249,2016-03-31,true,100
CL-0834,CU-1250,2022-12-11,true,100
CL-0835,CU-1252,2021-06-08,true,100
CL-0835,CU-1253,2023-05-03,false,31
CL-0836,CU-1253,2020-09-23,true,100
CL-0837,CU-1255,2015-01-11,true,100
CL-0838,CU-1256,2019-10-18,true,100
CL-0839,CU-1258,2017-09-05,true,100
CL-0840,CU-1259,2020-09-29,true,100
CL-0841,CU-1261,2022-05-09,true,100
CL-0842,CU-1262,2018-01-03,true,100
CL-0843,CU-1264,2016-04-19,true,100
CL-0843,CU-1265,2019-08-25,false,56
CL-0844,CU-1265,2020-07-14,true,100
CL-0845,CU-1267,2019-06-27,true,100
CL-0845,CU-1268,2016-05-16,false,68
CL-0846,CU-1268,2015-02-02,true,100
CL-0846,CU-1269,2020-07-05,false,64
CL-0847,CU-1270,2016-01-24,true,100
CL-0848,CU-1271,2016-07-30,true,100
CL-0848,CU-1272,2021-11-15,false,34
CL-0849,CU-1273,2017-07-24,true,100
CL-0850,CU-1274,2021-05-03,true,100
CL-0850,CU-1275,2016-05-18,false,40
CL-0851,CU-1276,2019-01-20,true,100
CL-0852,CU-1277,2015-12-04,true,100
CL-0853,CU-1279,2017-10-09,true,100
CL-0853,CU-1280,2018-12-13,false,52
CL-0854,CU-1280,2022-12-25,true,100
CL-0855,CU-1282,2023-01-26,true,100
CL-0855,CU-1283,2016-07-16,false,70
CL-0856,CU-1283,2018-12-21,true,100
CL-0856,CU-1284,2022-10-30,false,65
CL-0857,CU-1285,2023-08-26,true,100
CL-0858,CU-1286,2023-01-22,true,100
CL-0858,CU-1287,2022-10-05,false,26
CL-0859,CU-1288,2016-02-29,true,100
CL-0859,CU-1289,2017-12-27,false,75
CL-0860,CU-1289,2022-06-17,true,100
CL-0860,CU-1290,2020-07-26,false,30
CL-0861,CU-1291,2021-03-05,true,100
CL-0861,CU-1292,2016-11-10,false,59
CL-0862,CU-1292,2015-11-14,true,100
CL-0863,CU-1294,2018-04-03,true,100
CL-0864,CU-1295,2019-05-01,true,100
CL-0864,CU-1296,2021-02-20,false,35
CL-0865,CU-1297,2019-06-28,true,100
CL-0866,CU-1298,2019-03-18,true,100
CL-0867,CU-1300,2021-09-14,true,100
CL-0868,CU-1301,2015-01-17,true,100
CL-0868,CU-1302,2017-05-18,false,58
CL-0869,CU-1303,2022-03-16,true,100
CL-0869,CU-1304,2018-03-12,false,66
CL-0870,CU-1304,2017-08-02,true,100
CL-0870,CU-1305,2016-08-02,false,70
CL-0871,CU-1306,2017-06-10,true,100
CL-0872,CU-1307,2016-07-19,true,100
CL-0873,CU-1309,2016-10-12,true,100
CL-0873,CU-1310,2019-11-08,false,37
CL-0874,CU-1310,2021-03-28,true,100
CL-0874,CU-1311,2023-02-17,false,38
CL-0875,CU-1312,2020-09-29,true,100
CL-0875,CU-1313,2023-05-15,false,30
CL-0876,CU-1313,2018-10-26,true,100
CL-0877,CU-1315,2016-03-02,true,100
CL-0877,CU-1316,2018-04-17,false,46
CL-0878,CU-1316,2020-11-05,true,100
CL-0879,CU-1318,2021-01-26,true,100
CL-0879,CU-1319,2018-02-21,false,55
CL-0880,CU-1319,2021-11-07,true,100
CL-0880,CU-1320,2015-01-31,false,42
CL-0881,CU-1321,2020-03-22,true,100
CL-0881,CU-1322,2018-03-05,false,69
CL-0882,CU-1322,2019-12-19,true,100
CL-0883,CU-1324,2018-07-02,true,100
CL-0883,CU-1325,2017-05-29,false,42
CL-0884,CU-1325,2015-11-16,true,100
CL-0884,CU-1326,2015-01-15,false,47
CL-0885,CU-1327,2021-07-29,true,100
CL-0885,CU-1328,2018-05-11,false,67
CL-0886,CU-1328,2019-05-03,true,100
CL-0887,CU-1330,2017-01-17,true,100
CL-0887,CU-1331,2023-06-23,false,47
CL-0888,CU-1331,2016-12-24,true,100
CL-0889,CU-1333,2022-02-01,true,100
CL-0890,CU-1334,2018-01-03,true,100
CL-0891,CU-1336,2018-01-05,true,100
CL-0891,CU-1337,2022-06-07,false,59
CL-0892,CU-1337,2018-02-11,true,100
CL-0893,CU-1339,2016-05-01,true,100
CL-0893,CU-1340,2021-06-20,false,62
CL-0894,CU-1340,2018-07-31,true,100
CL-0894,CU-1341,2015-01-22,false,73
CL-0895,CU-1342,2020-05-31,true,100
CL-0895,CU-1343,2018-07-27,false,41
CL-0896,CU-1343,2016-07-12,true,100
CL-0896,CU-1344,2023-01-15,false,59
CL-0897,CU-1345,2023-05-05,true,100
CL-0898,CU-1346,2022-07-02,true,100
CL-0898,CU-1347,2020-01-20,false,26
CL-0899,CU-1348,2019-10-01,true,100
CL-0899,CU-1349,2016-12-29,false,47
CL-0900,CU-1349,2016-02-29,true,100
CL-0901,CU-1351,2016-12-10,true,100
CL-0901,CU-1352,2017-02-05,false,26
CL-0902,CU-1352,2017-03-10,true,100
CL-0902,CU-1353,2022-05-24,false,53
CL-0903,CU-1354,2016-05-26,true,100
CL-0903,CU-1355,2017-11-27,false,64
CL-0904,CU-1355,2021-02-22,true,100
CL-0904,CU-1356,2020-05-03,false,35
CL-0905,CU-1357,2020-10-22,true,100
CL-0905,CU-1358,2017-10-22,false,62
CL-0906,CU-1358,2019-10-26,true,100
CL-0907,CU-1360,2018-11-28,true,100
CL-0908,CU-1361,2020-10-26,true,100
CL-0909,CU-1363,2015-01-24,true,100
CL-0910,CU-1364,2023-06-06,true,100
CL-0910,CU-1365,2019-10-07,false,60
CL-0911,CU-1366,2023-03-02,true,100
CL-0912,CU-1367,2021-04-11,true,100
CL-0913,CU-1369,2020-09-14,true,100
CL-0914,CU-1370,2015-03-29,true,100
CL-0915,CU-1372,2022-03-12,true,100
CL-0915,CU-1373,2020-08-19,false,25
CL-0916,CU-1373,2016-12-01,true,100
CL-0917,CU-1375,2021-07-04,true,100
CL-0918,CU-1376,2018-12-30,true,100
CL-0919,CU-1378,2022-01-08,true,100
CL-0920,CU-1379,2015-01-17,true,100
CL-0921,CU-1381,2023-08-09,true,100
CL-0921,CU-1382,2016-08-13,false,37
CL-0922,CU-1382,2022-08-12,true,100
CL-0922,CU-1383,2017-11-27,false,56
CL-0923,CU-1384,2017-05-16,true,100
CL-0924,CU-1385,2023-03-09,true,100
CL-0925,CU-1387,2020-06-29,true,100
CL-0926,CU-1388,2021-08-03,true,100
CL-0927,CU-1390,2016-11-17,true,100
CL-0928,CU-1391,2015-12-22,true,100
CL-0928,CU-1392,2015-04-04,false,25
CL-0929,CU-1393,2016-11-24,true,100
CL-0930,CU-1394,2021-09-14,true,100
CL-0930,CU-1395,2021-04-18,false,33
CL-0931,CU-1396,2020-03-13,true,100
CL-0931,CU-1397,2021-06-01,false,75
CL-0932,CU-1397,2018-09-25,true,100
CL-0933,CU-1399,2017-05-17,true,100
CL-0933,CU-1400,2016-11-22,false,52
CL-0934,CU-1400,2017-08-08,true,100
CL-0935,CU-1402,2016-11-30,true,100
CL-0936,CU-1403,2015-07-21,true,100
CL-0936,CU-1404,2021-03-06,false,25
CL-0937,CU-1405,2020-04-23,true,100
CL-0937,CU-1406,2022-03-13,false,27
CL-0938,CU-1406,2017-08-12,true,100
CL-0939,CU-1408,2023-08-29,true,100
CL-0939,CU-1409,2020-12-27,false,31
CL-0940,CU-1409,2016-03-09,true,100
CL-0940,CU-1410,2023-10-29,false,47
CL-0941,CU-1411,2019-04-05,true,100
CL-0942,CU-1412,2016-08-30,true,100
CL-0942,CU-1413,2018-04-17,false,49
CL-0943,CU-1414,2020-09-04,true,100
CL-0944,CU-1415,2021-06-16,true,100
CL-0944,CU-1416,2016-10-24,false,68
CL-0945,CU-1417,2021-01-26,true,100
CL-0946,CU-1418,2016-04-24,true,100
CL-0946,CU-1419,2019-01-06,false,30
CL-0947,CU-1420,2016-07-28,true,100
CL-0948,CU-1421,2019-04-19,true,100
CL-0948,CU-1422,2015-07-06,false,26
CL-0949,CU-1423,2022-09-25,true,100
CL-0949,CU-1424,2018-04-01,false,61
CL-0950,CU-1424,2016-03-24,true,100
CL-0950,CU-1425,2016-02-26,false,74
CL-0951,CU-1426,2016-03-26,true,100
CL-0951,CU-1427,2019-03-09,false,62
CL-0952,CU-1427,2017-08-19,true,100
CL-0953,CU-1429,2018-04-26,true,100
CL-0953,CU-1430,2020-08-13,false,71
CL-0954,CU-1430,2017-10-13,true,100
CL-0954,CU-1431,2020-04-14,false,33
CL-0955,CU-1432,2021-11-18,true,100
CL-0955,CU-1433,2022-07-20,false,67
CL-0956,CU-1433,2023-06-19,true,100
CL-0957,CU-1435,2016-08-20,true,100
CL-0958,CU-1436,2021-10-02,true,100
CL-0958,CU-1437,2021-06-16,false,52
CL-0959,CU-1438,2020-11-04,true,100
CL-0959,CU-1439,2022-09-25,false,38
CL-0960,CU-1439,2023-07-11,true,100
CL-0960,CU-1440,2017-07-28,false,69
CL-0961,CU-1441,2021-04-30,true,100
CL-0962,CU-1442,2021-01-24,true,100
CL-0962,CU-1443,2022-05-28,false,52
CL-0963,CU-1444,2015-11-01,true,100
CL-0963,CU-1445,2018-10-05,false,44
CL-0964,CU-1445,2023-03-18,true,100
CL-0965,CU-1447,2022-07-20,true,100
CL-0965,CU-1448,2021-12-18,false,63
CL-0966,CU-1448,2020-06-09,true,100
CL-0966,CU-1449,2015-12-01,false,75
CL-0967,CU-1450,2019-12-05,true,100
CL-0967,CU-1451,2022-07-13,false,66
CL-0968,CU-1451,2015-07-31,true,100
CL-0968,CU-1452,2015-07-02,false,54
CL-0969,CU-1453,2021-09-24,true,100
CL-0970,CU-1454,2023-04-27,true,100
CL-0971,CU-1456,2017-08-09,true,100
CL-0972,CU-1457,2017-02-11,true,100
CL-0972,CU-1458,2017-06-15,false,50
CL-0973,CU-1459,2018-12-01,true,100
CL-0974,CU-1460,2016-04-13,true,100
CL-0975,CU-1462,2017-01-05,true,100
CL-0975,CU-1463,2017-04-07,false,42
CL-0976,CU-1463,2018-10-18,true,100
CL-0977,CU-1465,2019-03-08,true,100
CL-0978,CU-1466,2020-12-23,true,100
CL-0978,CU-1467,2023-02-03,false,59
CL-0979,CU-1468,2019-09-19,true,100
CL-0979,CU-1469,2017-10-11,false,32
CL-0980,CU-1469,2022-06-23,true,100
CL-0980,CU-1470,2017-06-25,false,59
CL-0981,CU-1471,2015-08-20,true,100
CL-0981,CU-1472,2019-03-18,false,32
CL-0982,CU-1472,2018-11-05,true,100
CL-0983,CU-1474,2016-08-20,true,100
CL-0983,CU-1475,2016-04-19,false,32
CL-0984,CU-1475,2021-11-11,true,100
CL-0984,CU-1476,2017-11-17,false,63
CL-0985,CU-1477,2021-12-30,true,100
CL-0986,CU-1478,2023-02-18,true,100
CL-0987,CU-1480,2018-08-25,true,100
CL-0987,CU-1481,2022-07-13,false,62
CL-0988,CU-1481,2016-04-26,true,100
CL-0988,CU-1482,2020-05-03,false,38
CL-0989,CU-1483,2019-06-02,true,100
CL-0990,CU-1484,2019-09-29,true,100
CL-0990,CU-1485,2018-06-05,false,60
CL-0991,CU-1486,2018-02-15,true,100
CL-0992,CU-1487,2015-12-28,true,100
CL-0993,CU-1489,2023-11-06,true,100
CL-0994,CU-1490,2017-12-16,true,100
CL-0994,CU-1491,2015-04-06,false,73
CL-0995,CU-1492,2022-11-06,true,100
CL-0996,CU-1493,2021-05-10,true,100
CL-0997,CU-1495,2016-04-24,true,100
CL-0998,CU-1496,2015-01-20,true,100
CL-0999,CU-1498,2017-10-12,true,100
CL-0999,CU-1499,2021-03-24,false,35
CL-1000,CU-1499,2018-01-26,true,100
