transaccionId,cuentaId,monto,fecha,bancoDestino
TX-00001,CU-0033,40057.15,2024-10-18,BAC
TX-00002,CU-0023,1912.99,2024-04-02,Banistmo
TX-00003,CU-0004,22942.78,2023-08-17,G&T Continental
TX-00004,CU-0035,46025.04,2023-06-08,HSBC
TX-00005,CU-0050,27544.96,2023-10-25,BAC
TX-00006,CU-0036,32986.98,2023-11-29,G&T Continental
TX-00009,CU-0028,2646.24,2023-03-03,Citibank
TX-00010,CU-0012,56.06,2024-07-27,G&T Continental
TX-00012,CU-0055,41859.46,2024-07-10,HSBC
TX-00013,CU-0018,18762.05,2023-09-11,HSBC
TX-00014,CU-0023,6550.74,2024-03-20,Citibank
TX-00015,CU-0018,7045.46,2024-02-12,G&T Continental
TX-00016,CU-0031,3456.7,2024-09-05,Banrural
TX-00017,CU-0049,8986.11,2024-01-27,Banistmo
TX-00020,CU-0023,25235.12,2024-01-18,HSBC
TX-00021,CU-0064,20987.76,2024-03-16,Davivienda
TX-00023,CU-0028,45426.16,2023-02-02,BAC
TX-00026,CU-0055,44976.72,2024-05-31,Banistmo
TX-00027,CU-0039,17917.83,2023-04-24,BAC
TX-00028,CU-0074,28714.17,2024-01-16,Davivienda
TX-00029,CU-0051,34560.46,2023-07-13,Citibank
TX-00030,CU-0061,48690.5,2024-06-16,Davivienda
TX-00031,CU-0064,12527.45,2024-03-18,Banistmo
TX-00032,CU-0065,35867.89,2023-11-24,Banistmo
TX-00033,CU-0040,40750.17,2024-05-03,Davivienda
TX-00034,CU-0054,28128.73,2023-09-08,Industrial
TX-00035,CU-0041,43938.73,2024-08-15,Davivienda
TX-00037,CU-0056,11452.2,2024-01-05,Davivienda
TX-00038,CU-0041,18718.23,2023-07-05,Citibank
TX-00039,CU-0075,44701.64,2024-08-28,Industrial
TX-00040,CU-0064,17918.24,2023-03-26,HSBC
TX-00042,CU-0072,21633.62,2023-11-26,HSBC
TX-00043,CU-0048,48427.05,2023-06-23,Citibank
TX-00044,CU-0054,24780.8,2024-01-10,BAC
TX-00047,CU-0096,24509.73,2024-10-19,Banrural
TX-00051,CU-0058,6383.86,2024-12-02,HSBC
TX-00053,CU-0079,46080.25,2023-07-26,Industrial
TX-00054,CU-0070,44956.66,2023-12-13,Citibank
TX-00056,CU-0103,16261.81,2024-03-01,Industrial
TX-00057,CU-0074,49288.33,2023-11-05,G&T Continental
TX-00058,CU-0077,12551.7,2024-10-16,G&T Continental
TX-00060,CU-0086,20772.15,2023-07-12,Citibank
TX-00061,CU-0093,7438.05,2024-02-09,Banrural
TX-00064,CU-0075,24091.93,2024-06-03,Banistmo
TX-00065,CU-0071,21248.62,2023-08-18,BAC
TX-00066,CU-0099,35433.98,2024-02-03,HSBC
TX-00067,CU-0107,36591.42,2024-03-08,Banrural
TX-00068,CU-0078,24139.02,2024-02-20,Davivienda
TX-00070,CU-0109,49809.8,2024-10-29,G&T Continental
TX-00074,CU-0112,39964.97,2023-01-09,G&T Continental
TX-00075,CU-0080,10169.94,2023-08-12,Davivienda
TX-00081,CU-0130,46506.58,2024-05-29,HSBC
TX-00082,CU-0084,40478.87,2023-08-03,HSBC
TX-00085,CU-0134,48859.12,2024-05-18,Industrial
TX-00086,CU-0095,49394.58,2023-02-01,Industrial
TX-00087,CU-0108,34427.87,2024-11-13,Industrial
TX-00090,CU-0139,22744.19,2023-03-05,Industrial
TX-00092,CU-0128,8007.08,2024-09-05,Banistmo
TX-00093,CU-0127,45347.67,2023-03-17,G&T Continental
TX-00094,CU-0107,20688.66,2024-08-11,Davivienda
TX-00095,CU-0108,22028.77,2023-12-21,G&T Continental
TX-00097,CU-0116,40732.1,2023-05-15,Banistmo
TX-00099,CU-0142,3850.44,2023-09-01,Banrural
TX-00100,CU-0143,17003.42,2023-02-04,Banrural
TX-00101,CU-0145,17340.47,2024-02-14,Citibank
TX-00102,CU-0115,34851.33,2024-01-09,Citibank
TX-00103,CU-0119,46184.89,2024-08-16,Banrural
TX-00106,CU-0146,45120.04,2023-08-17,HSBC
TX-00107,CU-0150,47175.71,2023-06-11,Banrural
TX-00108,CU-0118,21436.23,2023-08-14,Banrural
TX-00109,CU-0112,14768.95,2023-09-14,Industrial
TX-00110,CU-0153,23005.43,2023-04-14,Davivienda
TX-00111,CU-0159,40278.39,2023-07-18,BAC
TX-00113,CU-0120,29853.65,2024-08-27,BAC
TX-00114,CU-0141,32693.58,2024-05-22,Davivienda
TX-00116,CU-0135,10625.14,2023-04-07,Citibank
TX-00117,CU-0140,6397.72,2023-10-06,Citibank
TX-00118,CU-0164,16395.68,2023-02-22,G&T Continental
TX-00120,CU-0141,33579.42,2023-02-05,HSBC
TX-00122,CU-0147,42229.02,2024-08-09,G&T Continental
TX-00123,CU-0168,30223.08,2023-04-18,Banistmo
TX-00124,CU-0127,24895.56,2024-06-20,BAC
TX-00125,CU-0142,14696.71,2024-11-07,Davivienda
TX-00127,CU-0177,30062.17,2023-01-15,Industrial
TX-00128,CU-0169,41286.32,2023-11-18,Citibank
TX-00129,CU-0153,36437.61,2023-08-22,BAC
TX-00131,CU-0144,19368.25,2023-06-19,Davivienda
TX-00132,CU-0162,44713.24,2023-11-14,G&T Continental
TX-00133,CU-0147,10901.2,2024-04-17,Davivienda
TX-00135,CU-0180,40949.05,2024-12-23,G&T Continental
TX-00138,CU-0154,20753.92,2023-12-16,G&T Continental
TX-00139,CU-0154,3583.08,2023-05-20,Banrural
TX-00141,CU-0191,40193.32,2023-10-04,Industrial
TX-00142,CU-0181,33981.98,2023-01-14,HSBC
TX-00143,CU-0149,24113.9,2024-08-31,G&T Continental
TX-00144,CU-0182,33122.89,2023-06-29,BAC
TX-00145,CU-0153,9475.25,2024-02-19,BAC
TX-00148,CU-0186,7319.37,2023-11-27,Industrial
TX-00149,CU-0152,48357.39,2024-12-25,Banistmo
TX-00150,CU-0154,40948.54,2023-11-19,Davivienda
TX-00151,CU-0177,43231.41,2023-03-18,Banistmo
TX-00152,CU-0186,49659.41,2024-10-26,G&T Continental
TX-00153,CU-0165,48528.05,2024-07-11,Davivienda
TX-00154,CU-0177,12966.25,2023-11-28,Citibank
TX-00155,CU-0205,47654.02,2023-02-22,HSBC
TX-00160,CU-0172,36951.89,2023-05-29,G&T Continental
TX-00163,CU-0170,23474.95,2023-08-03,Davivienda
TX-00166,CU-0198,4522.92,2024-12-30,Industrial
TX-00170,CU-0175,44528.11,2023-12-22,Citibank
TX-00173,CU-0203,5022.08,2024-05-30,Industrial
TX-00174,CU-0224,7396.48,2024-01-11,Banistmo
TX-00176,CU-0204,34264.27,2024-06-20,HSBC
TX-00177,CU-0218,8508.22,2024-01-06,Banrural
TX-00178,CU-0219,23346.87,2024-11-11,Davivienda
TX-00179,CU-0181,832.15,2024-07-21,Davivienda
TX-00180,CU-0201,19712.64,2023-06-05,Banrural
TX-00181,CU-0224,44528.6,2023-11-16,HSBC
TX-00182,CU-0191,24985.49,2024-08-07,Industrial
TX-00183,CU-0213,42663.14,2024-12-25,BAC
TX-00186,CU-0210,14512.31,2023-01-03,BAC
TX-00187,CU-0207,8150.44,2024-08-11,Banrural
TX-00188,CU-0214,26357.16,2023-03-23,Banistmo
TX-00191,CU-0224,45451.62,2024-01-24,G&T Continental
TX-00192,CU-0193,48220.55,2024-03-02,G&T Continental
TX-00194,CU-0243,2808.36,2023-07-01,HSBC
TX-00196,CU-0201,3822.47,2023-03-11,Banistmo
TX-00197,CU-0228,25795.33,2023-01-25,BAC
TX-00199,CU-0225,9968.03,2023-05-05,G&T Continental
TX-00201,CU-0221,8896.88,2023-01-06,Banrural
TX-00202,CU-0203,17833.33,2024-10-31,Industrial
TX-00204,CU-0249,30367.79,2023-06-20,Industrial
TX-00206,CU-0214,11938.1,2023-09-10,Industrial
TX-00207,CU-0220,12537.62,2024-02-11,BAC
TX-00209,CU-0215,10532.23,2024-08-21,Banrural
TX-00210,CU-0252,36871.49,2023-01-20,Banistmo
TX-00211,CU-0216,14381.24,2024-02-26,Banistmo
TX-00212,CU-0259,15972.98,2023-01-21,BAC
TX-00213,CU-0250,25562.77,2024-05-22,Industrial
TX-00215,CU-0239,24170.29,2023-10-23,Banrural
TX-00216,CU-0231,34593.83,2024-04-27,G&T Continental
TX-00218,CU-0256,13859.28,2024-06-26,HSBC
TX-00220,CU-0222,10963.91,2024-01-23,HSBC
TX-00221,CU-0250,5185.81,2023-01-07,Banistmo
TX-00226,CU-0248,46766.71,2023-08-11,Industrial
TX-00227,CU-0246,26166.76,2024-04-15,BAC
TX-00228,CU-0237,12432.19,2023-09-07,Davivienda
TX-00229,CU-0246,37795.73,2023-08-14,Citibank
TX-00232,CU-0279,43255.16,2023-04-06,Banistmo
TX-00234,CU-0262,1856.68,2024-08-25,Davivienda
TX-00235,CU-0247,26705.13,2024-09-09,Industrial
TX-00236,CU-0283,23968.95,2024-04-06,HSBC
TX-00237,CU-0260,10036.53,2024-12-04,Banrural
TX-00239,CU-0259,40519.8,2024-12-23,Banrural
TX-00240,CU-0241,1594.53,2024-12-31,Industrial
TX-00241,CU-0255,39651.66,2024-04-12,HSBC
TX-00242,CU-0289,29413.8,2024-02-01,BAC
TX-00244,CU-0291,49836.46,2024-03-05,HSBC
TX-00245,CU-0260,40462.75,2024-12-11,Industrial
TX-00247,CU-0256,18357.91,2024-10-26,Banistmo
TX-00248,CU-0281,31229.79,2024-02-19,Industrial
TX-00249,CU-0271,49969.44,2023-12-09,Industrial
TX-00250,CU-0262,35310.8,2023-10-12,G&T Continental
TX-00253,CU-0270,248.85,2023-10-06,Banrural
TX-00254,CU-0285,11929.7,2023-05-06,Citibank
TX-00255,CU-0287,38438.87,2024-09-13,Davivienda
TX-00257,CU-0301,22678.07,2023-07-31,G&T Continental
TX-00262,CU-0297,34795.94,2023-12-30,Industrial
TX-00263,CU-0287,40331.15,2024-04-15,Industrial
TX-00264,CU-0267,38394.85,2023-04-20,G&T Continental
TX-00265,CU-0308,48151.01,2023-06-11,Industrial
TX-00267,CU-0308,38822.79,2023-01-01,Banistmo
TX-00269,CU-0289,20527.64,2023-10-30,Davivienda
TX-00270,CU-0291,34380.83,2023-08-04,Banrural
TX-00271,CU-0317,19887.99,2023-06-21,HSBC
TX-00272,CU-0293,12336.27,2023-03-15,Industrial
TX-00274,CU-0306,41309.8,2024-01-29,HSBC
TX-00275,CU-0285,10216.18,2024-09-27,Banrural
TX-00276,CU-0311,33159.55,2023-07-09,Banistmo
TX-00277,CU-0304,31195.4,2024-04-27,Industrial
TX-00278,CU-0290,21603.66,2024-03-25,BAC
TX-00280,CU-0305,43123.13,2024-08-01,HSBC
TX-00281,CU-0311,37273.25,2023-03-17,Citibank
TX-00282,CU-0299,48800.13,2024-06-15,Banrural
TX-00283,CU-0327,11186.67,2024-03-30,HSBC
TX-00286,CU-0298,47313.85,2023-02-06,Banistmo
TX-00287,CU-0328,4639.57,2023-07-15,HSBC
TX-00288,CU-0290,21706.6,2023-06-27,Industrial
TX-00289,CU-0302,43714.06,2023-09-10,HSBC
TX-00292,CU-0320,29402.2,2023-08-12,Banrural
TX-00294,CU-0308,3316.21,2024-05-19,HSBC
TX-00296,CU-0323,40228.57,2024-03-17,Citibank
TX-00298,CU-0334,49011.44,2023-01-03,Industrial
TX-00300,CU-0332,43987.29,2024-11-05,Banistmo
TX-00301,CU-0349,33304.65,2024-10-25,G&T Continental
TX-00302,CU-0313,5507.18,2024-09-07,Banrural
TX-00303,CU-0345,25754.1,2024-08-29,Davivienda
TX-00305,CU-0316,49698.52,2024-07-20,Industrial
TX-00307,CU-0350,29519.04,2024-10-11,Davivienda
TX-00308,CU-0325,20552.5,2024-02-29,Davivienda
TX-00309,CU-0337,3763.57,2023-10-25,Davivienda
TX-00310,CU-0311,25290.95,2023-06-02,Banrural
TX-00311,CU-0337,38868.51,2023-02-22,HSBC
TX-00312,CU-0355,29243.55,2024-12-07,G&T Continental
TX-00313,CU-0352,234.95,2024-08-15,Banrural
TX-00314,CU-0363,21642.45,2024-03-03,BAC
TX-00316,CU-0360,14277.62,2024-08-11,BAC
TX-00318,CU-0367,26422.88,2023-05-28,HSBC
TX-00319,CU-0364,38445.48,2023-08-20,Citibank
TX-00320,CU-0328,19283.55,2023-04-07,Davivienda
TX-00323,CU-0329,12277.55,2023-02-07,G&T Continental
TX-00324,CU-0346,33769.69,2024-04-30,Industrial
TX-00325,CU-0327,29479.66,2023-01-16,BAC
TX-00326,CU-0349,8897.22,2024-11-11,HSBC
TX-00327,CU-0333,34420.09,2023-05-23,Banrural
TX-00328,CU-0348,17029.41,2023-09-18,G&T Continental
TX-00329,CU-0332,37632.16,2023-12-19,Banrural
TX-00330,CU-0340,45255.21,2023-05-18,Citibank
TX-00331,CU-0373,4042.48,2023-01-28,Davivienda
TX-00332,CU-0358,37447.53,2024-11-07,Industrial
TX-00334,CU-0370,1542.23,2023-08-11,Davivienda
TX-00335,CU-0353,21564.87,2024-11-09,G&T Continental
TX-00336,CU-0359,21107.22,2024-05-13,Davivienda
TX-00340,CU-0377,11092.22,2023-10-17,HSBC
TX-00341,CU-0374,6492.29,2023-09-28,Banistmo
TX-00344,CU-0378,15457.5,2023-02-05,HSBC
TX-00350,CU-0396,20371.04,2024-03-05,Industrial
TX-00352,CU-0386,49683.27,2024-08-06,Davivienda
TX-00353,CU-0374,45976.21,2023-08-19,Banistmo
TX-00354,CU-0394,16408.2,2024-08-22,Davivienda
TX-00355,CU-0375,37418.64,2023-06-27,BAC
TX-00356,CU-0360,30942.45,2024-04-16,HSBC
TX-00359,CU-0392,35402.92,2024-07-21,Citibank
TX-00362,CU-0389,4299.47,2024-05-15,Davivienda
TX-00364,CU-0404,35661.5,2024-10-08,Citibank
TX-00366,CU-0392,21182.72,2024-12-21,Industrial
TX-00368,CU-0413,16601.05,2023-07-04,Banrural
TX-00369,CU-0416,11608.37,2024-03-18,HSBC
TX-00371,CU-0384,2413.93,2024-11-12,BAC
TX-00374,CU-0376,49822.47,2024-02-07,Banistmo
TX-00377,CU-0398,2530.39,2023-06-07,Industrial
TX-00378,CU-0426,35759.28,2024-01-07,Banistmo
TX-00379,CU-0425,10351.95,2023-01-11,Banrural
TX-00381,CU-0390,13408.79,2024-03-01,Industrial
TX-00382,CU-0401,13022.8,2024-12-15,G&T Continental
TX-00383,CU-0398,46602.46,2023-04-20,G&T Continental
TX-00384,CU-0404,19729.19,2023-11-02,Davivienda
TX-00385,CU-0431,15924.98,2024-10-06,Davivienda
TX-00387,CU-0409,17941.56,2023-03-21,Industrial
TX-00388,CU-0429,48253.06,2024-12-30,Citibank
TX-00390,CU-0434,31593.28,2024-11-17,G&T Continental
TX-00393,CU-0411,29242.67,2023-02-07,Citibank
TX-00394,CU-0441,30453.11,2024-09-07,HSBC
TX-00395,CU-0401,48697.95,2024-05-04,Banrural
TX-00397,CU-0424,40770.39,2024-03-06,HSBC
TX-00398,CU-0433,14363.5,2024-01-04,Banistmo
TX-00400,CU-0402,39826.89,2023-03-29,Industrial
TX-00402,CU-0430,24517.41,2023-01-27,Industrial
TX-00405,CU-0410,40143.49,2024-09-04,Citibank
TX-00407,CU-0428,18003.21,2023-02-04,Banrural
TX-00411,CU-0416,85.41,2024-10-19,Davivienda
TX-00412,CU-0450,12689.4,2024-03-21,Citibank
TX-00413,CU-0447,18852.62,2024-01-29,Industrial
TX-00415,CU-0418,48703.6,2023-07-23,Banrural
TX-00417,CU-0427,17252.96,2023-07-05,Davivienda
TX-00418,CU-0466,14422.09,2023-11-17,Industrial
TX-00419,CU-0425,15981.36,2024-10-10,HSBC
TX-00420,CU-0421,31219.44,2024-10-18,Industrial
TX-00425,CU-0473,34001.74,2024-11-01,G&T Continental
TX-00426,CU-0435,30607.58,2023-09-17,Industrial
TX-00428,CU-0433,12556.21,2024-05-03,Banrural
TX-00430,CU-0480,39274.64,2024-09-27,G&T Continental
TX-00431,CU-0447,16612.19,2024-05-19,Banrural
TX-00432,CU-0480,36526.27,2024-08-31,HSBC
TX-00437,CU-0473,16818.37,2023-07-27,Davivienda
TX-00438,CU-0482,47245.01,2023-11-18,Banistmo
TX-00439,CU-0470,19803.61,2023-06-10,Davivienda
TX-00440,CU-0477,24509.44,2024-05-15,G&T Continental
TX-00444,CU-0489,28473.44,2024-05-25,HSBC
TX-00449,CU-0460,16634.99,2023-11-08,Citibank
TX-00450,CU-0471,22946.05,2023-11-24,BAC
TX-00451,CU-0471,13905.26,2024-10-14,Banistmo
TX-00453,CU-0477,35594.88,2023-07-25,HSBC
TX-00454,CU-0492,30933.2,2024-05-03,Banrural
TX-00455,CU-0456,1671.51,2024-04-09,G&T Continental
TX-00457,CU-0459,15885.43,2024-07-14,Davivienda
TX-00460,CU-0494,12074.28,2024-03-12,HSBC
TX-00461,CU-0476,26539.44,2023-02-04,Citibank
TX-00462,CU-0466,48889.1,2024-03-11,Banrural
TX-00463,CU-0494,8102.54,2024-07-02,BAC
TX-00464,CU-0480,23745.42,2024-01-16,Citibank
TX-00466,CU-0468,45011.15,2023-05-14,Davivienda
TX-00467,CU-0473,34425.4,2024-06-29,Citibank
TX-00468,CU-0472,27033.57,2023-11-24,Industrial
TX-00469,CU-0495,24226.7,2023-10-26,HSBC
TX-00472,CU-0510,18954.97,2024-06-19,G&T Continental
TX-00473,CU-0496,17170.39,2024-01-11,Davivienda
TX-00474,CU-0516,35234.36,2024-03-27,HSBC
TX-00475,CU-0488,16792.4,2023-11-05,BAC
TX-00477,CU-0520,19227.5,2024-09-13,Citibank
TX-00478,CU-0484,17420.73,2024-12-13,Citibank
TX-00481,CU-0516,11054.35,2023-12-24,HSBC
TX-00482,CU-0519,13614.63,2024-10-13,HSBC
TX-00483,CU-0512,35120.38,2024-11-18,Industrial
TX-00484,CU-0496,10593.83,2024-12-28,Industrial
TX-00485,CU-0510,39953.63,2024-03-03,Citibank
TX-00486,CU-0536,522.18,2024-08-12,BAC
TX-00489,CU-0538,42897.96,2024-07-12,G&T Continental
TX-00491,CU-0541,49766.45,2024-01-14,Banistmo
TX-00496,CU-0529,11031.34,2023-12-11,HSBC
TX-00497,CU-0526,8632.76,2023-03-26,Banrural
TX-00498,CU-0540,1854.22,2023-09-29,BAC
TX-00499,CU-0501,14203.6,2023-12-20,Industrial
TX-00500,CU-0529,45147.27,2024-02-29,HSBC
TX-00501,CU-0548,4324.69,2024-11-20,Industrial
TX-00503,CU-0519,40531.12,2023-07-16,Davivienda
TX-00508,CU-0550,7630.27,2023-04-01,BAC
TX-00510,CU-0532,18107.77,2023-05-25,Banrural
TX-00512,CU-0522,34859.22,2024-03-25,HSBC
TX-00513,CU-0556,15349.58,2024-12-09,Davivienda
TX-00514,CU-0556,36667.82,2023-09-12,HSBC
TX-00518,CU-0538,29182.66,2023-06-04,HSBC
TX-00520,CU-0538,49409.6,2024-02-17,Davivienda
TX-00521,CU-0559,45492.14,2023-12-05,Davivienda
TX-00522,CU-0549,38165.19,2023-02-02,Industrial
TX-00524,CU-0530,34032.61,2023-08-15,Citibank
TX-00526,CU-0549,21174.5,2024-07-04,Industrial
TX-00529,CU-0566,17980.38,2023-09-09,G&T Continental
TX-00530,CU-0564,1084.22,2024-01-22,HSBC
TX-00531,CU-0575,35789.06,2023-12-28,Industrial
TX-00532,CU-0549,45643.33,2024-10-30,BAC
TX-00536,CU-0544,16160.68,2024-05-06,BAC
TX-00537,CU-0561,6806.05,2024-09-21,Davivienda
TX-00540,CU-0588,46500.14,2024-11-20,Industrial
TX-00542,CU-0591,28932.41,2023-07-19,Davivienda
TX-00544,CU-0559,373.53,2023-07-01,Banrural
TX-00546,CU-0552,3164.92,2023-06-22,Citibank
TX-00547,CU-0582,7642.28,2023-08-01,BAC
TX-00548,CU-0558,12803.55,2023-04-25,Banrural
TX-00552,CU-0598,12116.68,2023-12-25,Davivienda
TX-00553,CU-0567,27212.29,2024-07-06,G&T Continental
TX-00554,CU-0569,23244.04,2023-02-02,G&T Continental
TX-00555,CU-0575,39479.31,2023-04-08,Industrial
TX-00556,CU-0565,35333.6,2023-01-03,HSBC
TX-00562,CU-0597,5279.14,2023-03-07,Citibank
TX-00564,CU-0598,1451.78,2023-03-17,Davivienda
TX-00565,CU-0606,38569.95,2023-08-27,HSBC
TX-00566,CU-0569,29909.06,2023-03-31,HSBC
TX-00567,CU-0599,5480.27,2024-10-29,Banrural
TX-00569,CU-0579,8434.89,2024-08-18,HSBC
TX-00574,CU-0623,40785.43,2024-07-21,Industrial
TX-00578,CU-0626,13192.25,2024-08-10,HSBC
TX-00579,CU-0589,16065.61,2023-11-22,Industrial
TX-00580,CU-0608,12715.77,2023-05-06,G&T Continental
TX-00581,CU-0605,23080.71,2024-02-01,HSBC
TX-00582,CU-0583,10668.73,2023-08-15,G&T Continental
TX-00585,CU-0623,42790.83,2024-02-13,G&T Continental
TX-00586,CU-0588,3765.28,2024-03-07,Industrial
TX-00587,CU-0618,48020.09,2024-12-25,Industrial
TX-00589,CU-0604,6355.21,2023-03-05,G&T Continental
TX-00591,CU-0633,4898.84,2024-12-19,Citibank
TX-00593,CU-0628,9424.36,2023-08-28,Banistmo
TX-00595,CU-0618,4815.46,2023-08-07,Davivienda
TX-00596,CU-0613,21270.34,2023-09-05,Industrial
TX-00598,CU-0605,37387.12,2023-02-24,Industrial
TX-00599,CU-0610,5332.82,2024-11-20,Davivienda
TX-00601,CU-0645,12437.98,2024-09-09,HSBC
TX-00602,CU-0642,7820.27,2024-01-07,Banistmo
TX-00603,CU-0642,2448.58,2023-01-05,Citibank
TX-00604,CU-0650,5787.61,2023-12-02,Citibank
TX-00605,CU-0616,32216.74,2024-09-27,Citibank
TX-00606,CU-0652,29952.16,2024-05-09,G&T Continental
TX-00607,CU-0637,22351.16,2023-06-06,G&T Continental
TX-00608,CU-0656,43939.4,2024-09-12,Banrural
TX-00609,CU-0614,4751.51,2024-09-03,Banistmo
TX-00611,CU-0656,37258.93,2023-02-25,Davivienda
TX-00612,CU-0641,48001.73,2023-05-01,HSBC
TX-00615,CU-0630,6173.09,2023-06-29,Davivienda
TX-00616,CU-0641,9482.08,2023-06-28,Davivienda
TX-00617,CU-0662,32531.4,2023-08-27,Davivienda
TX-00619,CU-0623,11930.61,2024-05-07,Industrial
TX-00620,CU-0650,30884.5,2024-09-23,G&T Continental
TX-00621,CU-0635,6805.72,2023-12-04,Banrural
TX-00622,CU-0654,17951.11,2024-12-01,Citibank
TX-00623,CU-0638,19775.11,2024-11-18,Banrural
TX-00624,CU-0654,22697.04,2023-08-16,Banrural
TX-00626,CU-0663,32783.58,2023-02-21,Davivienda
TX-00627,CU-0675,2227.12,2023-09-24,BAC
TX-00628,CU-0672,35576.18,2023-04-17,Davivienda
TX-00629,CU-0649,11415.08,2023-06-24,Banistmo
TX-00631,CU-0671,10367.91,2023-04-18,Davivienda
TX-00632,CU-0681,43900.04,2024-06-15,G&T Continental
TX-00635,CU-0645,3734.91,2024-04-04,BAC
TX-00636,CU-0673,27960.01,2023-09-10,G&T Continental
TX-00637,CU-0672,21889.17,2023-08-25,Banistmo
TX-00638,CU-0666,3069.39,2023-09-14,Davivienda
TX-00640,CU-0655,16102.25,2024-06-03,G&T Continental
TX-00643,CU-0644,45535.76,2023-10-15,HSBC
TX-00644,CU-0657,25777.11,2023-12-29,Industrial
TX-00646,CU-0667,20554.16,2024-11-28,G&T Continental
TX-00647,CU-0689,38279.88,2023-08-27,BAC
TX-00648,CU-0679,21543.14,2023-04-06,Banistmo
TX-00650,CU-0655,2863.04,2024-05-14,HSBC
TX-00651,CU-0662,24287.41,2024-10-08,BAC
TX-00653,CU-0665,6488.22,2024-05-03,HSBC
TX-00656,CU-0680,33031.91,2023-01-25,Banistmo
TX-00657,CU-0669,31790.43,2023-05-13,Citibank
TX-00661,CU-0708,34854.16,2024-07-05,BAC
TX-00664,CU-0681,5860.99,2024-02-08,Citibank
TX-00666,CU-0687,43657.62,2023-12-24,HSBC
TX-00667,CU-0711,28549.85,2023-09-18,Davivienda
TX-00669,CU-0718,1134.7,2024-12-31,Banistmo
TX-00670,CU-0695,26425.87,2023-08-05,G&T Continental
TX-00671,CU-0698,18070.47,2023-01-20,HSBC
TX-00672,CU-0680,19821.81,2023-05-18,Banrural
TX-00673,CU-0700,1985.74,2024-04-26,Davivienda
TX-00675,CU-0677,27848.07,2023-05-01,Davivienda
TX-00676,CU-0707,5451.39,2023-01-23,BAC
TX-00678,CU-0694,40929.74,2023-04-14,Banistmo
TX-00681,CU-0683,29689.78,2023-10-17,Banrural
TX-00682,CU-0699,34162.36,2023-03-28,Banistmo
TX-00685,CU-0727,35854.81,2024-08-11,HSBC
TX-00686,CU-0699,45475.35,2024-08-12,Banistmo
TX-00688,CU-0695,44099.65,2024-08-16,Banistmo
TX-00689,CU-0735,28011.89,2024-10-21,Industrial
TX-00690,CU-0729,40142.28,2024-08-08,BAC
TX-00691,CU-0733,12419.09,2023-06-01,Banistmo
TX-00692,CU-0732,6139.74,2023-05-10,Citibank
TX-00694,CU-0737,29420.49,2024-09-07,Banrural
TX-00695,CU-0708,17132.15,2024-11-04,Banistmo
TX-00696,CU-0712,24815.91,2023-01-16,Citibank
TX-00697,CU-0734,28762.34,2023-01-27,Davivienda
TX-00698,CU-0741,29564.8,2024-11-18,BAC
TX-00699,CU-0736,39257.0,2024-05-03,Banrural
TX-00702,CU-0706,31998.58,2024-09-27,Banrural
TX-00705,CU-0751,47112.24,2024-11-20,Davivienda
TX-00706,CU-0741,171.17,2023-12-08,Industrial
TX-00707,CU-0717,34294.43,2023-06-14,Davivienda
TX-00708,CU-0739,19459.78,2023-12-01,BAC
TX-00709,CU-0752,49548.97,2023-06-11,Davivienda
TX-00710,CU-0757,20493.32,2024-03-09,Citibank
TX-00712,CU-0749,9835.33,2024-01-05,BAC
TX-00713,CU-0761,21623.28,2023-08-18,Davivienda
TX-00717,CU-0767,30325.84,2023-12-24,HSBC
TX-00718,CU-0726,25486.14,2023-08-02,HSBC
TX-00719,CU-0733,10795.79,2023-11-12,BAC
TX-00720,CU-0765,14989.59,2023-07-02,Banistmo
TX-00722,CU-0735,17629.39,2024-09-17,HSBC
TX-00724,CU-0735,7792.93,2024-04-18,Banrural
TX-00725,CU-0754,17450.43,2023-03-26,Banistmo
TX-00727,CU-0733,21641.34,2024-08-16,HSBC
TX-00730,CU-0738,31394.14,2024-10-07,Davivienda
TX-00732,CU-0777,28776.99,2023-03-18,Banrural
TX-00734,CU-0748,38703.53,2024-06-07,BAC
TX-00735,CU-0760,23073.74,2024-12-25,HSBC
TX-00738,CU-0770,4182.42,2023-10-29,HSBC
TX-00741,CU-0784,1019.18,2023-03-21,Citibank
TX-00742,CU-0778,3462.37,2024-09-01,G&T Continental
TX-00747,CU-0780,23862.71,2024-12-12,BAC
TX-00749,CU-0758,49946.31,2023-01-07,Industrial
TX-00751,CU-0759,42074.56,2023-01-06,G&T Continental
TX-00753,CU-0793,33866.59,2023-09-25,Banrural
TX-00754,CU-0757,19069.59,2023-10-04,G&T Continental
TX-00756,CU-0775,17076.16,2023-02-12,Davivienda
TX-00757,CU-0807,42672.33,2023-02-03,Banistmo
TX-00759,CU-0763,20328.16,2023-06-04,Banistmo
TX-00760,CU-0783,49834.53,2024-09-13,G&T Continental
TX-00764,CU-0795,38006.47,2023-12-12,Citibank
TX-00766,CU-0774,2785.28,2024-07-23,G&T Continental
TX-00767,CU-0808,45525.3,2023-02-13,Banrural
TX-00768,CU-0779,42515.39,2023-11-30,Citibank
TX-00769,CU-0786,45116.4,2023-10-13,Banistmo
TX-00772,CU-0806,20758.4,2023-07-01,BAC
TX-00774,CU-0810,7501.88,2023-01-06,HSBC
TX-00775,CU-0810,32672.53,2023-02-15,HSBC
TX-00777,CU-0802,20561.71,2023-04-18,BAC
TX-00778,CU-0802,16129.08,2023-01-30,BAC
TX-00780,CU-0814,45630.35,2024-07-20,BAC
TX-00781,CU-0782,22833.11,2023-04-16,Davivienda
TX-00783,CU-0816,27666.15,2023-08-27,Citibank
TX-00784,CU-0795,29597.58,2023-06-04,Industrial
TX-00785,CU-0810,18183.55,2024-05-11,Davivienda
TX-00788,CU-0795,36728.37,2024-06-30,G&T Continental
TX-00789,CU-0834,38712.67,2023-12-17,Banrural
TX-00791,CU-0800,41191.89,2023-02-09,HSBC
TX-00792,CU-0842,2372.8,2024-10-31,BAC
TX-00793,CU-0799,46354.63,2024-09-25,Davivienda
TX-00797,CU-0839,24413.95,2023-05-28,Citibank
TX-00800,CU-0825,45569.05,2024-07-02,Banrural
TX-00802,CU-0834,42583.99,2024-07-31,Davivienda
TX-00803,CU-0843,3108.26,2024-12-19,Citibank
TX-00807,CU-0823,13147.6,2023-01-16,HSBC
TX-00808,CU-0828,21278.39,2024-01-13,Banrural
TX-00809,CU-0838,46057.4,2023-02-21,Banistmo
TX-00810,CU-0851,45778.69,2023-12-03,Industrial
TX-00815,CU-0843,25512.14,2024-11-19,Banistmo
TX-00817,CU-0857,25648.97,2024-01-03,Industrial
TX-00818,CU-0832,46816.71,2023-01-04,G&T Continental
TX-00819,CU-0838,16567.72,2024-08-17,Banrural
TX-00821,CU-0859,22409.19,2024-06-07,BAC
TX-00822,CU-0853,33722.52,2023-07-02,BAC
TX-00824,CU-0855,10187.25,2023-07-30,BAC
TX-00826,CU-0841,21539.66,2023-08-01,G&T Continental
TX-00827,CU-0852,32892.79,2023-11-19,Industrial
TX-00828,CU-0873,47616.76,2024-07-19,HSBC
TX-00831,CU-0848,37985.14,2023-05-12,Banistmo
TX-00832,CU-0860,40648.7,2024-12-09,HSBC
TX-00833,CU-0876,213.33,2023-05-29,Davivienda
TX-00835,CU-0873,46444.57,2024-03-15,G&T Continental
TX-00837,CU-0857,20929.06,2024-03-12,Banistmo
TX-00838,CU-0864,9684.67,2023-03-01,HSBC
TX-00840,CU-0850,8494.59,2024-04-20,HSBC
TX-00841,CU-0843,46110.38,2023-05-22,Banistmo
TX-00842,CU-0885,20194.21,2024-06-24,Banistmo
TX-00843,CU-0871,27226.7,2024-08-10,Banrural
TX-00844,CU-0859,34049.82,2024-06-20,Banrural
TX-00845,CU-0867,36348.34,2023-06-17,BAC
TX-00847,CU-0865,7847.57,2023-10-20,BAC
TX-00851,CU-0856,12341.71,2023-09-19,BAC
TX-00853,CU-0855,1487.33,2024-12-21,HSBC
TX-00854,CU-0880,30295.97,2024-08-14,BAC
TX-00855,CU-0878,24940.01,2024-07-23,Industrial
TX-00856,CU-0870,38799.31,2024-12-23,Davivienda
TX-00857,CU-0871,36750.29,2024-06-22,Davivienda
TX-00858,CU-0905,39328.11,2023-11-24,Industrial
TX-00859,CU-0906,35723.12,2023-10-18,G&T Continental
TX-00861,CU-0892,9827.7,2023-04-24,Banrural
TX-00862,CU-0897,40361.94,2023-12-27,Banistmo
TX-00864,CU-0874,44845.0,2023-04-28,Banrural
TX-00865,CU-0911,5851.04,2024-09-21,Davivienda
TX-00866,CU-0903,31560.05,2023-11-20,HSBC
TX-00868,CU-0871,49698.85,2023-06-15,Banrural
TX-00871,CU-0907,6756.58,2023-07-27,Industrial
TX-00872,CU-0906,17913.99,2023-09-16,HSBC
TX-00875,CU-0898,32594.64,2023-03-23,Industrial
TX-00876,CU-0925,11598.41,2024-01-10,Banistmo
TX-00877,CU-0882,41097.91,2024-02-27,BAC
TX-00879,CU-0881,2357.37,2023-04-19,Banistmo
TX-00880,CU-0900,15452.19,2023-11-15,Davivienda
TX-00881,CU-0908,44255.42,2023-10-03,Banistmo
TX-00882,CU-0884,14912.81,2024-10-28,G&T Continental
TX-00884,CU-0886,46533.2,2023-07-22,Industrial
TX-00887,CU-0896,10677.82,2023-09-16,Citibank
TX-00889,CU-0900,15512.47,2024-08-12,BAC
TX-00890,CU-0925,34293.89,2023-12-31,Banistmo
TX-00894,CU-0912,46600.35,2023-07-11,Banrural
TX-00895,CU-0897,48113.41,2024-06-26,Banistmo
TX-00899,CU-0941,33958.47,2024-06-21,Citibank
TX-00900,CU-0941,2699.09,2024-04-28,G&T Continental
TX-00901,CU-0925,13704.65,2024-09-27,BAC
TX-00902,CU-0909,28150.39,2023-01-11,Banistmo
TX-00903,CU-0946,22120.2,2023-10-26,G&T Continental
TX-00904,CU-0943,28500.23,2023-03-09,G&T Continental
TX-00906,CU-0932,14216.45,2024-08-29,Banistmo
TX-00907,CU-0945,28653.08,2023-04-01,Banrural
TX-00908,CU-0939,33930.55,2023-12-26,Citibank
TX-00909,CU-0953,14348.2,2023-09-29,Industrial
TX-00910,CU-0916,20726.05,2024-10-29,Banrural
TX-00912,CU-0937,30972.68,2024-04-28,HSBC
TX-00915,CU-0925,10878.3,2024-04-20,Davivienda
TX-00917,CU-0943,20115.01,2023-05-14,Banrural
TX-00918,CU-0940,46584.43,2024-12-31,Banistmo
TX-00919,CU-0924,7654.6,2024-05-22,BAC
TX-00921,CU-0950,24736.65,2023-12-03,Banistmo
TX-00922,CU-0971,41791.78,2023-07-19,Banrural
TX-00924,CU-0949,45724.88,2024-04-08,HSBC
TX-00926,CU-0961,15790.82,2024-08-14,G&T Continental
TX-00927,CU-0959,41560.41,2024-05-20,G&T Continental
TX-00929,CU-0967,39651.01,2023-08-07,Banistmo
TX-00932,CU-0956,15391.53,2024-09-17,Citibank
TX-00933,CU-0978,45763.16,2024-04-20,HSBC
TX-00934,CU-0970,11372.97,2024-10-29,HSBC
TX-00935,CU-0950,149.79,2023-08-09,BAC
TX-00937,CU-0961,33779.4,2024-01-30,Citibank
TX-00938,CU-0986,30554.97,2023-11-21,Davivienda
TX-00940,CU-0969,16265.33,2024-09-09,Davivienda
TX-00944,CU-0975,41435.65,2024-05-19,Banistmo
TX-00947,CU-0961,46885.57,2023-04-02,Davivienda
TX-00948,CU-0978,17762.86,2023-04-18,Banistmo
TX-00950,CU-0957,16651.38,2023-10-04,Banrural
TX-00952,CU-0955,20968.47,2024-10-19,Banrural
TX-00953,CU-0990,36258.62,2024-08-25,Davivienda
TX-00955,CU-0976,12190.7,2024-09-18,Industrial
TX-00956,CU-0975,15537.83,2024-05-11,BAC
TX-00958,CU-0983,27163.18,2023-01-01,G&T Continental
TX-00959,CU-0986,28943.28,2023-03-05,Banistmo
TX-00960,CU-0971,5586.54,2023-02-21,Davivienda
TX-00961,CU-0994,21678.92,2024-04-15,Industrial
TX-00965,CU-1003,41371.59,2023-06-02,Banrural
TX-00967,CU-1012,25426.95,2024-05-31,G&T Continental
TX-00968,CU-0976,49310.62,2024-02-06,Banistmo
TX-00972,CU-1010,22621.86,2023-06-05,HSBC
TX-00976,CU-1017,28399.26,2024-11-17,Banistmo
TX-00977,CU-0988,20421.58,2023-08-30,Industrial
TX-00979,CU-1021,12073.03,2024-08-17,Banistmo
TX-00980,CU-1002,2417.47,2024-03-18,G&T Continental
TX-00981,CU-0990,34120.87,2024-07-13,BAC
TX-00982,CU-1007,12755.41,2023-06-09,Citibank
TX-00983,CU-1023,48870.15,2023-06-14,Davivienda
TX-00988,CU-1035,37021.56,2023-12-19,Davivienda
TX-00990,CU-1008,24213.29,2023-10-19,Banistmo
TX-00991,CU-1022,18281.36,2024-06-16,BAC
TX-00992,CU-1038,30446.98,2023-07-02,Banrural
TX-00994,CU-1022,46610.86,2023-07-05,G&T Continental
TX-00996,CU-1011,22158.9,2024-05-12,Banistmo
TX-00997,CU-1036,15304.14,2024-11-26,BAC
TX-00998,CU-1042,37179.42,2024-01-15,Banrural
TX-01000,CU-1007,20275.94,2023-10-11,Banistmo
TX-01002,CU-1012,18087.18,2024-05-31,BAC
TX-01003,CU-1008,15987.63,2023-06-20,G&T Continental
TX-01004,CU-1006,13945.21,2023-09-15,Citibank
TX-01005,CU-1042,39886.06,2024-05-09,Industrial
TX-01006,CU-1023,27589.88,2024-05-17,Industrial
TX-01007,CU-1041,35475.79,2024-12-08,HSBC
TX-01008,CU-1057,39098.46,2023-06-24,G&T Continental
TX-01010,CU-1040,9471.84,2024-04-07,HSBC
TX-01012,CU-1055,18365.84,2024-07-05,Citibank
TX-01015,CU-1031,38351.21,2023-10-20,G&T Continental
TX-01017,CU-1055,11826.12,2024-03-26,Banistmo
TX-01022,CU-1025,40323.73,2023-12-07,Citibank
TX-01024,CU-1058,33833.59,2023-05-15,BAC
TX-01026,CU-1052,29635.14,2024-10-29,Davivienda
TX-01027,CU-1066,47558.86,2024-11-04,Industrial
TX-01028,CU-1037,7053.07,2024-01-26,BAC
TX-01031,CU-1037,32570.55,2024-10-28,Davivienda
TX-01032,CU-1055,29067.71,2024-09-20,Davivienda
TX-01034,CU-1059,37987.19,2024-06-15,BAC
TX-01036,CU-1080,20018.7,2023-09-08,G&T Continental
TX-01037,CU-1054,16691.36,2024-07-25,HSBC
TX-01039,CU-1067,42945.57,2024-12-28,Banrural
TX-01040,CU-1077,39069.11,2023-08-18,G&T Continental
TX-01041,CU-1079,46112.53,2023-02-26,Banistmo
TX-01042,CU-1060,12042.13,2024-08-28,Banistmo
TX-01043,CU-1056,25635.56,2023-09-25,G&T Continental
TX-01044,CU-1066,40538.65,2024-04-28,Banrural
TX-01045,CU-1057,6160.9,2024-01-31,Banrural
TX-01047,CU-1051,22394.03,2023-01-18,Banrural
TX-01048,CU-1052,26298.88,2024-07-18,BAC
TX-01049,CU-1057,1218.55,2023-08-12,Davivienda
TX-01050,CU-1051,43275.98,2023-06-21,Banrural
TX-01051,CU-1066,494.1,2023-12-19,HSBC
TX-01053,CU-1057,9756.47,2024-10-29,Citibank
TX-01057,CU-1088,44725.22,2023-06-10,G&T Continental
TX-01059,CU-1096,1370.85,2024-02-16,Banrural
TX-01060,CU-1065,15622.34,2024-08-13,G&T Continental
TX-01061,CU-1103,33280.46,2023-12-13,Davivienda
TX-01062,CU-1107,19796.34,2023-07-27,Banrural
TX-01064,CU-1076,16878.32,2023-08-31,BAC
TX-01066,CU-1077,16011.03,2024-05-31,Banrural
TX-01071,CU-1106,8075.22,2023-04-11,HSBC
TX-01072,CU-1094,119.51,2024-01-20,Industrial
TX-01076,CU-1086,7982.9,2023-05-29,Davivienda
TX-01077,CU-1111,36671.09,2024-11-21,Davivienda
TX-01079,CU-1094,4025.84,2023-01-31,Banistmo
TX-01080,CU-1082,14222.42,2024-01-21,BAC
TX-01081,CU-1112,48191.54,2024-04-25,Davivienda
TX-01083,CU-1113,2496.53,2024-10-05,Davivienda
TX-01085,CU-1135,40574.41,2024-12-05,Banrural
TX-01088,CU-1118,7551.92,2023-07-22,HSBC
TX-01089,CU-1133,39219.77,2023-01-14,Banrural
TX-01093,CU-1135,13415.42,2023-06-18,Citibank
TX-01095,CU-1105,38044.41,2024-07-10,Banrural
TX-01096,CU-1097,47611.64,2023-05-20,Davivienda
TX-01098,CU-1139,8486.96,2023-02-18,Banistmo
TX-01099,CU-1125,43347.89,2023-11-10,Davivienda
TX-01102,CU-1151,11928.48,2024-11-23,Banrural
TX-01103,CU-1131,12313.28,2024-11-19,Citibank
TX-01104,CU-1122,5899.86,2023-05-06,Banrural
TX-01106,CU-1149,9746.14,2024-03-19,Banistmo
TX-01107,CU-1146,40594.65,2023-08-21,Davivienda
TX-01108,CU-1127,21543.99,2024-05-01,Industrial
TX-01109,CU-1145,43254.64,2023-05-06,Citibank
TX-01111,CU-1157,46810.98,2023-10-12,Davivienda
TX-01112,CU-1130,12369.21,2024-04-10,Citibank
TX-01115,CU-1160,9011.02,2024-02-23,Banrural
TX-01117,CU-1135,20459.44,2023-11-25,HSBC
TX-01120,CU-1145,46631.04,2024-10-04,HSBC
TX-01121,CU-1153,34038.6,2023-07-10,BAC
TX-01123,CU-1165,26281.33,2023-09-27,Industrial
TX-01124,CU-1142,5974.79,2024-03-23,Citibank
TX-01125,CU-1172,37024.92,2023-10-21,Citibank
TX-01127,CU-1173,14035.72,2023-11-28,Citibank
TX-01129,CU-1156,20232.2,2023-08-25,Citibank
TX-01130,CU-1157,13434.03,2024-07-15,Industrial
TX-01131,CU-1163,25360.05,2023-04-17,Davivienda
TX-01132,CU-1143,44502.97,2023-09-28,HSBC
TX-01133,CU-1170,6501.67,2023-10-19,Banrural
TX-01134,CU-1170,3289.44,2023-07-30,G&T Continental
TX-01135,CU-1143,10884.33,2024-03-20,Banistmo
TX-01136,CU-1155,4693.5,2023-03-29,Citibank
TX-01137,CU-1176,10079.12,2023-01-08,G&T Continental
TX-01138,CU-1140,26237.62,2023-08-24,HSBC
TX-01139,CU-1178,24509.26,2023-09-19,Citibank
TX-01141,CU-1180,24374.24,2024-12-13,HSBC
TX-01145,CU-1188,22759.28,2023-01-14,Davivienda
TX-01147,CU-1160,34744.77,2023-09-12,G&T Continental
TX-01148,CU-1150,26558.98,2024-11-16,Banistmo
TX-01149,CU-1171,27006.94,2024-10-11,G&T Continental
TX-01150,CU-1185,39359.49,2024-10-23,Banrural
TX-01152,CU-1157,47321.64,2023-06-28,Industrial
TX-01153,CU-1203,4965.66,2024-11-26,Banistmo
TX-01154,CU-1158,49670.01,2024-12-12,Citibank
TX-01155,CU-1158,19291.94,2023-02-08,Citibank
TX-01156,CU-1161,28072.37,2023-01-01,HSBC
TX-01157,CU-1199,49360.98,2023-07-26,Davivienda
TX-01161,CU-1172,3322.71,2023-09-03,Citibank
TX-01162,CU-1177,17993.09,2024-04-30,Industrial
TX-01165,CU-1212,17683.74,2023-12-17,Davivienda
TX-01167,CU-1175,26790.8,2024-11-28,G&T Continental
TX-01171,CU-1213,16650.0,2024-08-24,HSBC
TX-01172,CU-1213,178.35,2023-08-28,BAC
TX-01175,CU-1212,25630.25,2024-01-20,Davivienda
TX-01176,CU-1209,30739.79,2024-08-30,HSBC
TX-01182,CU-1200,43573.71,2023-12-12,Banistmo
TX-01185,CU-1188,18929.53,2023-01-22,G&T Continental
TX-01186,CU-1227,30045.3,2024-12-20,HSBC
TX-01189,CU-1236,1079.66,2023-07-19,Davivienda
TX-01191,CU-1218,39071.89,2024-12-02,Industrial
TX-01194,CU-1207,45392.14,2023-09-04,Davivienda
TX-01196,CU-1212,10780.28,2023-03-13,Citibank
TX-01197,CU-1225,16183.87,2024-03-26,G&T Continental
TX-01198,CU-1233,9285.09,2024-02-15,HSBC
TX-01201,CU-1251,4961.19,2024-02-13,Banrural
TX-01204,CU-1211,15687.25,2024-04-07,Citibank
TX-01206,CU-1239,13898.74,2023-11-02,Banistmo
TX-01207,CU-1208,20190.08,2023-10-13,Banistmo
TX-01208,CU-1226,13484.11,2024-07-13,Citibank
TX-01209,CU-1257,30130.16,2023-01-09,Davivienda
TX-01214,CU-1216,12634.72,2024-10-26,BAC
TX-01216,CU-1254,39894.37,2023-09-02,HSBC
TX-01218,CU-1227,32612.19,2024-01-17,BAC
TX-01220,CU-1254,8675.4,2023-11-27,HSBC
TX-01221,CU-1227,38580.61,2024-11-23,Citibank
TX-01222,CU-1269,3361.76,2024-02-17,Industrial
TX-01223,CU-1266,3509.39,2023-08-27,Davivienda
TX-01224,CU-1227,12097.09,2023-07-22,Davivienda
TX-01227,CU-1244,40858.12,2024-07-30,Citibank
TX-01229,CU-1250,8839.9,2024-06-27,Industrial
TX-01230,CU-1251,467.5,2023-01-25,Citibank
TX-01232,CU-1259,21321.55,2024-03-04,HSBC
TX-01234,CU-1235,47480.26,2023-05-06,HSBC
TX-01235,CU-1261,40078.17,2024-04-18,Banistmo
TX-01237,CU-1257,11317.75,2023-12-03,Citibank
TX-01239,CU-1264,20714.31,2024-11-15,Industrial
TX-01240,CU-1262,36570.57,2023-10-16,BAC
TX-01241,CU-1264,31819.42,2024-05-13,BAC
TX-01242,CU-1255,10605.4,2024-10-11,HSBC
TX-01244,CU-1290,36873.99,2024-02-26,G&T Continental
TX-01246,CU-1249,5735.04,2023-11-04,HSBC
TX-01247,CU-1294,13114.83,2023-07-04,BAC
TX-01248,CU-1271,43176.31,2024-10-24,Banistmo
TX-01252,CU-1269,13029.22,2023-12-21,BAC
TX-01255,CU-1283,16416.52,2023-01-02,Banistmo
TX-01258,CU-1307,37711.94,2023-04-21,BAC
TX-01259,CU-1309,12154.39,2023-12-17,Banistmo
TX-01262,CU-1289,17316.13,2024-01-27,Industrial
TX-01263,CU-1271,19234.23,2023-12-20,BAC
TX-01264,CU-1285,29718.98,2024-09-08,Industrial
TX-01267,CU-1279,42325.63,2023-12-15,Industrial
TX-01268,CU-1309,9936.86,2024-11-29,Industrial
TX-01269,CU-1279,31561.82,2024-08-25,BAC
TX-01270,CU-1278,37686.7,2023-12-16,BAC
TX-01271,CU-1303,23393.22,2023-08-03,BAC
TX-01272,CU-1301,25383.64,2024-01-01,Banrural
TX-01273,CU-1318,43535.53,2024-11-11,Davivienda
TX-01274,CU-1319,12611.64,2024-08-22,Banistmo
TX-01275,CU-1308,1053.28,2024-02-13,HSBC
TX-01276,CU-1289,30697.74,2023-02-12,Banistmo
TX-01277,CU-1316,34106.53,2023-08-30,Industrial
TX-01278,CU-1283,31210.89,2024-11-19,Davivienda
TX-01279,CU-1298,24419.98,2023-07-04,BAC
TX-01282,CU-1322,17334.92,2024-03-29,HSBC
TX-01283,CU-1299,12405.77,2024-12-02,HSBC
TX-01284,CU-1305,36828.16,2023-03-23,Davivienda
TX-01285,CU-1309,7925.32,2024-08-05,BAC
TX-01286,CU-1308,3482.58,2024-01-28,Citibank
TX-01287,CU-1324,18895.66,2023-10-31,BAC
TX-01288,CU-1300,10620.87,2023-11-04,BAC
TX-01289,CU-1297,1916.46,2023-02-19,G&T Continental
TX-01290,CU-1325,45395.28,2024-06-25,Banistmo
TX-01291,CU-1299,27173.76,2023-02-10,Citibank
TX-01293,CU-1300,4760.59,2023-03-04,Banrural
TX-01294,CU-1324,16558.8,2024-10-06,Banistmo
TX-01297,CU-1324,38049.96,2024-09-25,BAC
TX-01298,CU-1339,14124.9,2024-02-16,Banrural
TX-01300,CU-1312,8713.12,2024-04-19,Banistmo
TX-01302,CU-1345,40249.12,2024-12-29,HSBC
TX-01303,CU-1337,4042.61,2024-04-27,Banistmo
TX-01306,CU-1344,45902.05,2024-07-20,BAC
TX-01307,CU-1322,21467.62,2024-12-12,Citibank
TX-01309,CU-1322,41448.3,2024-04-20,Industrial
TX-01310,CU-1345,5359.81,2024-02-19,Banrural
TX-01311,CU-1313,43605.12,2024-03-01,BAC
TX-01313,CU-1318,38243.83,2024-02-09,Davivienda
TX-01316,CU-1365,48850.5,2023-12-18,Davivienda
TX-01318,CU-1338,41483.08,2024-01-18,G&T Continental
TX-01320,CU-1337,17653.37,2024-10-23,G&T Continental
TX-01321,CU-1367,32210.24,2023-04-10,BAC
TX-01322,CU-1341,11187.6,2024-10-28,Davivienda
TX-01323,CU-1360,3774.34,2023-04-04,Banrural
TX-01325,CU-1352,6293.99,2024-11-30,HSBC
TX-01326,CU-1369,38199.52,2023-03-31,Banrural
TX-01327,CU-1352,48519.32,2024-08-12,G&T Continental
TX-01329,CU-1371,21761.58,2023-03-04,Citibank
TX-01331,CU-1344,35194.56,2024-04-19,Davivienda
TX-01333,CU-1344,32017.62,2023-05-24,Citibank
TX-01335,CU-1376,35480.75,2023-02-11,HSBC
TX-01336,CU-1356,7001.39,2024-05-03,Banistmo
TX-01338,CU-1355,11154.82,2023-01-08,Citibank
TX-01345,CU-1392,26738.73,2024-06-14,Banistmo
TX-01346,CU-1379,8948.23,2024-03-22,G&T Continental
TX-01347,CU-1363,30336.32,2024-07-07,Banrural
TX-01348,CU-1391,14354.01,2024-07-08,G&T Continental
TX-01351,CU-1357,4999.85,2024-11-20,Banrural
TX-01352,CU-1358,8479.29,2024-08-13,Industrial
TX-01353,CU-1371,12527.54,2024-07-27,Davivienda
TX-01355,CU-1367,32362.26,2023-12-13,Davivienda
TX-01356,CU-1374,34060.62,2023-10-16,HSBC
TX-01358,CU-1387,36683.89,2023-06-20,Industrial
TX-01360,CU-1405,23234.53,2023-09-15,Davivienda
TX-01361,CU-1390,48308.95,2024-06-21,Citibank
TX-01362,CU-1367,20994.88,2024-02-28,Citibank
TX-01363,CU-1407,27192.06,2024-11-16,Davivienda
TX-01366,CU-1374,45418.44,2023-07-15,Banrural
TX-01367,CU-1398,44982.68,2024-03-10,G&T Continental
TX-01368,CU-1380,29519.97,2024-01-23,G&T Continental
TX-01369,CU-1414,3464.03,2024-12-14,Citibank
TX-01370,CU-1377,140.39,2024-11-26,Citibank
TX-01371,CU-1390,8341.5,2024-12-12,Banrural
TX-01372,CU-1373,16613.31,2023-09-01,HSBC
TX-01373,CU-1375,27976.69,2024-10-14,Industrial
TX-01374,CU-1375,16197.0,2024-09-15,HSBC
TX-01375,CU-1377,17979.23,2024-06-21,Davivienda
TX-01376,CU-1402,32476.45,2023-09-26,BAC
TX-01377,CU-1417,44375.41,2023-03-25,Banistmo
TX-01378,CU-1415,18290.27,2023-01-19,Industrial
TX-01379,CU-1415,35981.55,2024-09-07,BAC
TX-01380,CU-1423,3233.57,2024-04-24,Davivienda
TX-01382,CU-1427,4053.05,2023-03-14,Banrural
TX-01384,CU-1412,29349.37,2023-02-13,Banistmo
TX-01385,CU-1420,27635.83,2024-06-13,Banrural
TX-01387,CU-1423,22846.99,2023-01-22,Citibank
TX-01390,CU-1409,21223.13,2024-09-06,Banrural
TX-01393,CU-1429,48654.93,2023-12-20,Banrural
TX-01394,CU-1444,15420.18,2023-10-03,Davivienda
TX-01395,CU-1428,34457.91,2023-06-13,Citibank
TX-01396,CU-1413,19323.08,2023-02-25,Banistmo
TX-01398,CU-1443,35808.68,2024-03-03,Citibank
TX-01400,CU-1413,9745.84,2023-11-20,HSBC
TX-01402,CU-1444,17217.67,2024-04-05,Banistmo
TX-01403,CU-1426,20686.93,2023-11-28,Industrial
TX-01404,CU-1445,13375.99,2024-05-27,Citibank
TX-01407,CU-1418,25490.66,2023-05-20,BAC
TX-01408,CU-1442,14339.36,2023-05-02,Industrial
TX-01412,CU-1457,28196.76,2023-06-17,Banistmo
TX-01413,CU-1450,44226.3,2024-10-25,G&T Continental
TX-01414,CU-1451,42358.82,2024-04-18,Citibank
TX-01416,CU-1463,2589.58,2023-09-28,Citibank
TX-01417,CU-1463,30184.7,2024-03-25,Davivienda
TX-01418,CU-1421,38485.03,2024-04-26,Davivienda
TX-01419,CU-1437,19527.88,2024-06-13,BAC
TX-01420,CU-1457,19554.21,2023-04-03,BAC
TX-01421,CU-1442,15363.31,2023-11-20,Davivienda
TX-01422,CU-1446,39472.87,2024-02-29,BAC
TX-01423,CU-1473,36805.4,2024-10-17,Industrial
TX-01424,CU-1450,49641.48,2023-01-21,G&T Continental
TX-01427,CU-1454,8536.79,2024-06-12,HSBC
TX-01428,CU-1475,43342.35,2023-04-22,Banrural
TX-01429,CU-1434,8560.75,2023-08-30,Industrial
TX-01430,CU-1470,8830.29,2024-01-14,BAC
TX-01431,CU-1480,17382.97,2024-05-26,G&T Continental
TX-01432,CU-1477,23266.82,2023-08-01,G&T Continental
TX-01433,CU-1471,10066.08,2024-05-22,Davivienda
TX-01434,CU-1470,31701.08,2023-02-04,Davivienda
TX-01438,CU-1447,33201.85,2024-05-22,Industrial
TX-01440,CU-1466,6544.02,2023-07-22,HSBC
TX-01441,CU-1444,37224.62,2024-11-05,Citibank
TX-01442,CU-1485,44182.35,2023-05-26,G&T Continental
TX-01443,CU-1481,43863.54,2023-09-20,Banrural
TX-01444,CU-1477,2282.47,2024-02-20,BAC
TX-01447,CU-1483,28124.82,2024-11-11,BAC
TX-01448,CU-1496,12000.67,2024-01-15,Citibank
TX-01450,CU-1473,28031.7,2023-02-14,Banistmo
TX-01452,CU-1470,28904.47,2023-10-23,HSBC
TX-01455,CU-1481,19892.24,2024-07-01,HSBC
TX-01458,CU-0006,41908.01,2023-04-14,Davivienda
TX-01460,CU-1495,48795.88,2023-06-07,HSBC
TX-01461,CU-1488,7894.18,2024-02-26,Banrural
TX-01463,CU-1491,8548.77,2023-09-03,Banrural
TX-01465,CU-1473,32968.11,2023-06-14,Banrural
TX-01468,CU-1494,20400.86,2024-05-14,G&T Continental
TX-01474,CU-1486,33428.86,2024-08-08,HSBC
TX-01475,CU-1498,36316.84,2023-07-06,Banistmo
TX-01476,CU-0013,13975.37,2023-06-20,Banrural
TX-01478,CU-0027,36096.31,2023-08-11,G&T Continental
TX-01480,CU-0016,34375.08,2023-10-12,BAC
TX-01483,CU-0002,13984.3,2023-06-10,Davivienda
TX-01488,CU-0030,25443.26,2023-07-09,Banrural
TX-01489,CU-0017,34910.16,2023-07-15,HSBC
TX-01491,CU-0025,22824.48,2024-04-22,HSBC
TX-01492,CU-1500,13451.17,2023-09-13,Industrial
TX-01494,CU-0037,8643.9,2023-05-14,G&T Continental
TX-01498,CU-0031,15660.65,2024-02-16,Citibank
TX-01500,CU-0018,21514.47,2023-10-05,Citibank
TX-01501,CU-0028,3366.95,2023-08-14,Industrial
TX-01502,CU-0008,3569.08,2023-06-02,BAC
TX-01503,CU-0012,30438.75,2023-12-10,BAC
TX-01505,CU-0028,49569.93,2023-06-17,Davivienda
TX-01506,CU-0045,21906.99,2024-04-19,Banistmo
TX-01509,CU-0026,26190.33,2023-01-10,Banrural
TX-01510,CU-0055,5632.4,2024-06-05,Banistmo
TX-01511,CU-0060,12816.29,2023-03-13,HSBC
TX-01514,CU-0031,6513.29,2023-03-02,Industrial
TX-01516,CU-0061,26114.47,2024-04-11,Banrural
TX-01519,CU-0022,35971.65,2024-04-13,Citibank
TX-01520,CU-0027,19420.19,2023-04-18,Industrial
TX-01521,CU-0026,43252.35,2024-04-27,Banistmo
TX-01522,CU-0043,9648.48,2023-04-25,Banrural
TX-01523,CU-0038,530.77,2023-09-18,Citibank
TX-01524,CU-0054,10780.39,2024-12-16,BAC
TX-01525,CU-0055,7289.83,2024-03-25,Industrial
TX-01529,CU-0043,11885.22,2023-03-18,HSBC
TX-01532,CU-0071,26044.15,2023-11-10,G&T Continental
TX-01533,CU-0043,7509.65,2023-12-31,BAC
TX-01535,CU-0048,21680.33,2024-09-01,Banrural
TX-01536,CU-0085,43937.54,2023-02-08,Banrural
TX-01540,CU-0048,30487.88,2023-08-17,Citibank
TX-01544,CU-0047,5865.58,2023-05-24,G&T Continental
TX-01545,CU-0058,47555.75,2024-03-09,Banistmo
TX-01547,CU-0093,32763.51,2024-05-03,Davivienda
TX-01548,CU-0053,38728.55,2024-03-03,Citibank
TX-01550,CU-0069,439.28,2023-12-15,Banistmo
TX-01552,CU-0068,31290.42,2023-07-11,G&T Continental
TX-01553,CU-0067,49177.1,2024-01-15,HSBC
TX-01561,CU-0070,32087.88,2023-07-23,Banrural
TX-01562,CU-0107,32234.77,2024-11-11,G&T Continental
TX-01563,CU-0078,26923.63,2024-07-26,HSBC
TX-01565,CU-0084,47576.31,2023-07-28,Banrural
TX-01567,CU-0085,24828.48,2024-06-14,HSBC
TX-01569,CU-0097,7173.91,2023-01-06,BAC
TX-01575,CU-0076,21582.06,2023-01-20,Citibank
TX-01577,CU-0094,36054.33,2024-08-21,Industrial
TX-01578,CU-0114,19159.16,2024-06-03,Banistmo
TX-01579,CU-0092,44884.1,2023-07-16,Citibank
TX-01580,CU-0112,43842.43,2023-03-06,Citibank
TX-01582,CU-0086,35807.88,2023-08-18,G&T Continental
TX-01583,CU-0127,32301.21,2024-09-27,Citibank
TX-01586,CU-0135,7930.81,2024-08-30,Banistmo
TX-01587,CU-0132,42348.99,2023-10-30,Industrial
TX-01588,CU-0125,37777.15,2024-03-12,HSBC
TX-01589,CU-0097,2220.79,2023-01-21,G&T Continental
TX-01590,CU-0103,22294.51,2024-11-24,Citibank
TX-01593,CU-0104,34474.03,2024-08-11,G&T Continental
TX-01594,CU-0129,12695.52,2024-02-04,Banrural
TX-01597,CU-0133,46778.78,2023-01-23,HSBC
TX-01598,CU-0128,2131.95,2023-10-26,Banistmo
TX-01600,CU-0134,40470.46,2023-03-14,G&T Continental
TX-01601,CU-0139,13675.98,2023-03-31,HSBC
TX-01602,CU-0121,5411.45,2024-10-28,Industrial
TX-01605,CU-0143,22328.54,2023-12-07,Banistmo
TX-01607,CU-0142,42932.83,2023-08-02,Industrial
TX-01609,CU-0154,30794.81,2024-03-23,Davivienda
TX-01610,CU-0127,7821.66,2024-12-17,Banistmo
TX-01611,CU-0157,3768.93,2024-06-24,Industrial
TX-01612,CU-0154,10156.27,2024-02-01,Banistmo
TX-01614,CU-0153,41262.09,2024-08-25,HSBC
TX-01615,CU-0123,16509.23,2024-09-06,G&T Continental
TX-01617,CU-0136,6711.97,2023-11-01,G&T Continental
TX-01618,CU-0126,5732.83,2023-07-17,Citibank
TX-01623,CU-0158,31012.54,2023-12-04,HSBC
TX-01624,CU-0127,34295.1,2024-08-15,Banrural
TX-01625,CU-0154,43281.58,2024-01-02,BAC
TX-01628,CU-0151,22542.68,2023-12-28,G&T Continental
TX-01631,CU-0139,30768.38,2023-09-23,BAC
TX-01632,CU-0153,21221.32,2024-06-21,Banrural
TX-01633,CU-0168,31094.4,2024-07-06,Citibank
TX-01634,CU-0141,8713.21,2023-06-19,Davivienda
TX-01635,CU-0184,27498.04,2023-07-18,HSBC
TX-01636,CU-0160,41946.43,2024-02-18,Industrial
TX-01637,CU-0145,11735.0,2024-06-24,Industrial
TX-01643,CU-0144,22003.61,2024-12-04,Industrial
TX-01644,CU-0168,13390.83,2024-11-12,Industrial
TX-01645,CU-0185,26843.47,2024-12-09,Davivienda
TX-01646,CU-0186,2767.49,2023-01-27,Banrural
TX-01647,CU-0191,38867.96,2023-09-02,G&T Continental
TX-01649,CU-0173,42876.15,2023-03-09,Davivienda
TX-01651,CU-0188,21377.63,2024-11-14,Citibank
TX-01653,CU-0163,16126.47,2023-01-09,Davivienda
TX-01656,CU-0177,42455.25,2024-04-04,HSBC
TX-01658,CU-0191,2065.23,2023-09-30,Davivienda
TX-01660,CU-0203,40178.11,2023-08-24,Banistmo
TX-01661,CU-0177,15601.96,2023-11-13,Industrial
TX-01662,CU-0203,20196.23,2023-07-18,Industrial
TX-01664,CU-0170,7349.61,2024-09-16,Citibank
TX-01665,CU-0188,22350.46,2023-08-06,Davivienda
TX-01667,CU-0209,6728.16,2023-05-02,Banistmo
TX-01669,CU-0197,18460.36,2023-01-03,Davivienda
TX-01670,CU-0206,49213.19,2023-03-22,Industrial
TX-01672,CU-0186,49147.78,2023-10-04,Industrial
TX-01673,CU-0207,41007.19,2023-10-08,BAC
TX-01674,CU-0215,13106.88,2023-07-10,Banrural
TX-01675,CU-0197,28720.09,2024-09-26,HSBC
TX-01677,CU-0182,43215.55,2023-08-29,Banistmo
TX-01679,CU-0220,31727.6,2024-02-12,Banrural
TX-01682,CU-0183,42233.08,2023-07-20,G&T Continental
TX-01684,CU-0190,40206.68,2023-01-30,HSBC
TX-01685,CU-0230,37253.49,2023-11-12,HSBC
TX-01686,CU-0188,48311.9,2024-07-06,BAC
TX-01687,CU-0230,13243.78,2023-10-10,BAC
TX-01688,CU-0233,20232.06,2023-08-04,Banrural
TX-01691,CU-0213,34683.67,2024-02-14,G&T Continental
TX-01692,CU-0209,3634.54,2024-06-03,G&T Continental
TX-01693,CU-0229,43767.3,2023-02-13,G&T Continental
TX-01694,CU-0218,710.36,2024-06-11,Banrural
TX-01695,CU-0197,38685.43,2024-07-06,Industrial
TX-01697,CU-0238,10315.45,2023-03-26,Banrural
TX-01700,CU-0204,36143.08,2023-12-24,Banistmo
TX-01701,CU-0232,2874.12,2023-03-15,Industrial
TX-01703,CU-0204,36410.51,2023-04-22,BAC
TX-01704,CU-0205,46262.81,2023-01-09,Citibank
TX-01705,CU-0209,15923.14,2023-09-12,HSBC
TX-01707,CU-0243,22278.04,2023-03-06,BAC
TX-01711,CU-0248,6594.42,2024-02-02,Industrial
TX-01712,CU-0219,25818.08,2024-12-20,G&T Continental
TX-01719,CU-0243,380.34,2023-10-04,Industrial
TX-01721,CU-0235,9259.4,2023-10-21,Banistmo
TX-01723,CU-0250,16985.2,2023-04-04,HSBC
TX-01724,CU-0250,31138.97,2023-09-20,HSBC
TX-01725,CU-0264,9920.45,2024-07-18,Banrural
TX-01726,CU-0258,33503.17,2024-08-03,Banistmo
TX-01728,CU-0267,32396.49,2023-09-27,HSBC
TX-01729,CU-0271,37677.89,2023-09-08,HSBC
TX-01730,CU-0231,36086.11,2023-08-21,HSBC
TX-01735,CU-0255,2663.17,2023-11-10,Citibank
TX-01736,CU-0239,29189.47,2024-06-14,G&T Continental
TX-01737,CU-0238,32401.81,2023-11-10,Banrural
TX-01738,CU-0267,21728.75,2023-10-24,Banrural
TX-01739,CU-0244,20149.88,2023-08-11,Banrural
TX-01742,CU-0243,44219.12,2024-05-10,HSBC
TX-01744,CU-0259,38200.26,2023-03-29,G&T Continental
TX-01748,CU-0249,24709.46,2024-04-09,Citibank
TX-01749,CU-0293,5880.46,2024-10-24,Banistmo
TX-01750,CU-0299,15078.22,2023-08-04,G&T Continental
TX-01753,CU-0254,33506.11,2024-01-01,BAC
TX-01754,CU-0287,26435.59,2024-10-09,Davivienda
TX-01755,CU-0275,38695.58,2024-09-08,Banrural
TX-01756,CU-0286,30375.53,2023-07-29,G&T Continental
TX-01758,CU-0286,3810.3,2023-03-11,Industrial
TX-01760,CU-0279,14591.29,2024-12-18,Banrural
TX-01761,CU-0308,31704.15,2023-04-15,Industrial
TX-01762,CU-0289,16361.33,2023-10-19,Banrural
TX-01763,CU-0302,38376.36,2024-10-10,Industrial
TX-01764,CU-0295,23019.51,2023-03-04,Banrural
TX-01765,CU-0276,31998.58,2023-12-12,Citibank
TX-01766,CU-0279,9800.03,2023-09-26,Citibank
TX-01769,CU-0292,42564.92,2023-04-18,HSBC
TX-01770,CU-0273,16042.65,2024-10-27,Davivienda
TX-01771,CU-0299,21893.93,2023-06-08,Davivienda
TX-01772,CU-0310,6367.94,2023-10-09,Banrural
TX-01774,CU-0322,13936.9,2024-04-17,Davivienda
TX-01775,CU-0325,8520.33,2023-02-04,BAC
TX-01776,CU-0326,28651.72,2024-02-04,Citibank
TX-01777,CU-0312,18730.42,2023-01-02,Davivienda
TX-01779,CU-0324,13633.8,2023-12-26,Davivienda
TX-01780,CU-0326,5183.14,2023-01-28,Davivienda
TX-01781,CU-0290,24588.83,2023-02-04,HSBC
TX-01783,CU-0315,23644.1,2023-07-03,G&T Continental
TX-01785,CU-0317,1649.98,2023-02-17,Industrial
TX-01786,CU-0310,22876.08,2023-06-19,G&T Continental
TX-01787,CU-0335,45627.62,2024-08-03,Banistmo
TX-01788,CU-0313,27041.45,2024-02-12,Banistmo
TX-01789,CU-0339,43324.25,2024-04-06,Davivienda
TX-01790,CU-0301,5913.04,2023-03-07,BAC
TX-01792,CU-0340,10526.6,2024-05-20,HSBC
TX-01793,CU-0294,19882.67,2023-09-05,Banistmo
TX-01794,CU-0328,27448.93,2024-02-24,Industrial
TX-01795,CU-0300,5250.46,2024-01-11,Industrial
TX-01796,CU-0299,9827.42,2024-08-25,HSBC
TX-01797,CU-0328,19049.97,2024-01-30,Industrial
TX-01798,CU-0343,2532.32,2024-09-17,Citibank
TX-01799,CU-0322,37414.06,2023-09-29,HSBC
TX-01801,CU-0321,20683.54,2023-06-22,HSBC
TX-01802,CU-0309,33380.73,2023-11-30,Industrial
TX-01803,CU-0350,43617.5,2023-03-29,Banistmo
TX-01804,CU-0323,36605.12,2023-06-30,Davivienda
TX-01808,CU-0317,27318.59,2023-03-14,BAC
TX-01810,CU-0354,42034.21,2024-06-16,BAC
TX-01811,CU-0346,29269.49,2023-08-10,Banistmo
TX-01812,CU-0313,40683.96,2023-07-19,Banrural
TX-01813,CU-0317,41661.85,2024-08-13,BAC
TX-01816,CU-0365,685.89,2023-07-26,Davivienda
TX-01818,CU-0346,7109.22,2023-04-25,Banistmo
TX-01820,CU-0354,13923.29,2024-08-07,Banistmo
TX-01821,CU-0327,43801.05,2024-09-17,BAC
TX-01822,CU-0346,10721.17,2023-11-13,Citibank
TX-01825,CU-0357,26717.65,2023-03-05,G&T Continental
TX-01826,CU-0336,8857.98,2023-05-31,Citibank
TX-01827,CU-0333,24200.36,2024-09-08,Banistmo
TX-01828,CU-0371,35189.84,2024-12-24,Industrial
TX-01829,CU-0375,49833.5,2023-09-01,Davivienda
TX-01830,CU-0332,43255.87,2023-07-12,Banistmo
TX-01831,CU-0373,18080.96,2023-03-29,HSBC
TX-01836,CU-0356,200.9,2023-06-08,Industrial
TX-01837,CU-0347,13161.82,2024-02-14,Banistmo
TX-01839,CU-0381,22911.75,2024-03-06,Industrial
TX-01840,CU-0376,3770.64,2024-09-03,Banrural
TX-01841,CU-0373,37034.59,2023-05-22,G&T Continental
TX-01844,CU-0372,7775.07,2023-07-22,Banrural
TX-01845,CU-0393,45035.11,2023-06-01,Banrural
TX-01846,CU-0352,48353.46,2023-04-21,Industrial
TX-01847,CU-0384,4641.29,2024-11-29,Banistmo
TX-01848,CU-0376,22690.53,2023-04-14,Banrural
TX-01849,CU-0351,11828.16,2024-07-26,Banrural
TX-01851,CU-0366,48263.73,2023-11-22,HSBC
TX-01854,CU-0397,17932.44,2023-09-24,Banistmo
TX-01855,CU-0389,16189.1,2023-04-21,Banrural
TX-01858,CU-0399,23048.47,2024-11-21,Industrial
TX-01860,CU-0363,29850.13,2023-07-20,G&T Continental
TX-01861,CU-0394,4999.66,2023-08-11,Citibank
TX-01862,CU-0377,23302.63,2023-10-25,Davivienda
TX-01863,CU-0411,15942.68,2023-09-04,HSBC
TX-01864,CU-0366,23486.31,2023-05-11,HSBC
TX-01865,CU-0368,37647.03,2024-01-19,Citibank
TX-01866,CU-0384,40766.94,2024-09-01,Industrial
TX-01867,CU-0384,38482.97,2023-05-24,Banrural
TX-01868,CU-0384,13649.88,2024-07-21,HSBC
TX-01871,CU-0411,41035.13,2024-10-15,G&T Continental
TX-01872,CU-0394,16316.94,2023-01-02,Banrural
TX-01873,CU-0389,11706.24,2023-10-06,Industrial
TX-01874,CU-0395,23843.56,2023-10-16,Banistmo
TX-01877,CU-0384,37789.2,2023-07-10,Industrial
TX-01878,CU-0386,24314.74,2023-08-10,Industrial
TX-01879,CU-0393,34967.01,2024-11-18,Banistmo
TX-01880,CU-0425,44103.28,2024-04-22,G&T Continental
TX-01881,CU-0389,40044.21,2024-08-12,Citibank
TX-01882,CU-0394,24392.04,2024-02-21,G&T Continental
TX-01884,CU-0386,17131.2,2023-12-07,Industrial
TX-01885,CU-0389,21255.31,2024-08-04,Industrial
TX-01889,CU-0425,5944.47,2023-06-12,Banistmo
TX-01892,CU-0435,34539.5,2023-01-21,Banrural
TX-01894,CU-0436,40598.33,2024-05-15,Banistmo
TX-01896,CU-0429,14031.71,2024-02-22,BAC
TX-01897,CU-0432,2503.09,2023-06-06,Davivienda
TX-01898,CU-0436,4411.16,2024-12-17,BAC
TX-01899,CU-0435,17801.26,2023-03-07,BAC
TX-01900,CU-0419,41450.13,2024-04-01,HSBC
TX-01901,CU-0414,16106.86,2023-09-04,Banistmo
TX-01903,CU-0453,14184.82,2024-01-27,Davivienda
TX-01904,CU-0414,27909.56,2023-11-11,Davivienda
TX-01905,CU-0422,10366.75,2023-10-25,G&T Continental
TX-01908,CU-0443,43722.54,2023-10-25,Industrial
TX-01909,CU-0422,44206.4,2023-07-19,Banrural
TX-01911,CU-0436,42533.88,2023-06-13,Banrural
TX-01913,CU-0430,49570.17,2024-11-12,HSBC
TX-01914,CU-0441,40123.09,2023-03-04,Industrial
TX-01915,CU-0427,44367.28,2024-08-14,Industrial
TX-01916,CU-0439,39655.85,2024-04-05,BAC
TX-01924,CU-0441,11016.74,2024-06-16,G&T Continental
TX-01925,CU-0439,47402.32,2023-10-30,Citibank
TX-01926,CU-0464,19466.29,2024-06-17,Banistmo
TX-01928,CU-0440,34971.56,2024-12-10,Citibank
TX-01930,CU-0432,18328.23,2024-12-08,HSBC
TX-01931,CU-0450,6742.03,2023-04-16,Banistmo
TX-01932,CU-0437,2742.02,2023-12-19,Davivienda
TX-01933,CU-0462,28712.8,2023-01-27,Davivienda
TX-01934,CU-0443,36158.04,2023-08-24,Industrial
TX-01935,CU-0474,49363.48,2024-09-03,BAC
TX-01936,CU-0469,49677.75,2023-04-28,Davivienda
TX-01937,CU-0452,38134.02,2024-03-12,BAC
TX-01938,CU-0461,7926.46,2023-04-16,BAC
TX-01939,CU-0457,30561.76,2023-05-01,HSBC
TX-01940,CU-0460,42665.49,2023-08-08,Davivienda
TX-01942,CU-0487,3205.95,2023-06-25,Industrial
TX-01944,CU-0459,18230.33,2023-08-02,Davivienda
TX-01945,CU-0489,45356.36,2023-06-29,HSBC
TX-01946,CU-0474,27174.44,2023-11-16,Banrural
TX-01948,CU-0450,43079.91,2023-02-23,Banistmo
TX-01950,CU-0484,30816.09,2023-12-06,G&T Continental
TX-01952,CU-0481,39260.03,2023-11-03,Citibank
TX-01953,CU-0486,25365.83,2023-07-07,HSBC
TX-01955,CU-0457,9033.96,2023-06-28,Banrural
TX-01960,CU-0506,11187.97,2024-10-09,HSBC
TX-01961,CU-0466,30459.18,2024-09-09,G&T Continental
TX-01963,CU-0511,23679.32,2024-11-26,Industrial
TX-01965,CU-0500,38309.66,2023-05-06,G&T Continental
TX-01968,CU-0497,42481.52,2024-09-25,Banistmo
TX-01970,CU-0501,4459.71,2023-11-03,Davivienda
TX-01973,CU-0517,5980.34,2023-05-04,Industrial
TX-01974,CU-0519,37958.93,2023-01-03,BAC
TX-01979,CU-0495,20467.29,2024-09-26,Davivienda
TX-01980,CU-0525,19439.28,2024-11-19,HSBC
TX-01981,CU-0498,42547.5,2024-10-22,Citibank
TX-01982,CU-0517,35584.93,2023-12-29,Banistmo
TX-01984,CU-0508,10282.69,2023-09-25,BAC
TX-01985,CU-0494,10233.83,2024-01-03,Davivienda
TX-01989,CU-0533,10109.82,2023-09-30,Davivienda
TX-01990,CU-0524,33461.53,2023-04-11,Davivienda
TX-01992,CU-0538,3438.91,2024-11-22,Banistmo
TX-01995,CU-0539,17669.35,2023-04-25,Banistmo
TX-01996,CU-0499,43519.79,2024-09-29,Davivienda
TX-01998,CU-0530,40037.88,2024-10-31,G&T Continental
TX-01999,CU-0531,24726.27,2024-11-23,Industrial
TX-02002,CU-0528,8172.98,2023-06-16,HSBC
TX-02006,CU-0525,14231.07,2024-10-13,Citibank
TX-02007,CU-0520,5822.41,2024-12-13,G&T Continental
TX-02008,CU-0550,11998.68,2023-09-20,Citibank
TX-02009,CU-0529,1362.65,2023-05-16,Davivienda
TX-02010,CU-0544,25441.63,2024-08-22,HSBC
TX-02011,CU-0547,36766.97,2024-03-25,BAC
TX-02012,CU-0536,44965.04,2023-02-26,HSBC
TX-02014,CU-0551,104.75,2023-09-27,Industrial
TX-02015,CU-0530,12937.19,2024-03-06,Banrural
TX-02016,CU-0528,39912.66,2023-11-22,HSBC
TX-02017,CU-0550,26711.73,2024-02-08,BAC
TX-02018,CU-0534,11474.58,2023-01-26,Davivienda
TX-02019,CU-0531,7771.22,2023-09-01,G&T Continental
TX-02020,CU-0539,30472.12,2024-05-26,Banistmo
TX-02022,CU-0566,41794.17,2023-06-17,Industrial
TX-02023,CU-0544,10186.09,2024-06-23,Banrural
TX-02025,CU-0546,14883.13,2023-03-12,BAC
TX-02027,CU-0545,27856.73,2024-10-04,BAC
TX-02028,CU-0570,47802.58,2023-06-13,Banrural
TX-02029,CU-0576,48383.46,2024-04-16,Davivienda
TX-02031,CU-0532,36365.76,2024-07-24,Banistmo
TX-02032,CU-0542,48662.21,2024-11-15,Industrial
TX-02034,CU-0575,113.47,2023-09-19,G&T Continental
TX-02036,CU-0583,4948.56,2024-09-02,G&T Continental
TX-02039,CU-0564,11085.29,2023-10-28,BAC
TX-02040,CU-0561,15296.01,2024-05-06,Davivienda
TX-02041,CU-0549,44780.94,2023-03-27,Banistmo
TX-02042,CU-0591,47122.28,2024-03-18,HSBC
TX-02043,CU-0567,28449.39,2024-05-30,Banrural
TX-02045,CU-0588,31429.17,2023-03-20,G&T Continental
TX-02051,CU-0572,29283.47,2024-05-01,Banrural
TX-02052,CU-0564,40853.96,2023-04-04,Citibank
TX-02055,CU-0559,16516.86,2023-04-26,Banrural
TX-02058,CU-0591,17528.14,2023-06-06,G&T Continental
TX-02059,CU-0602,47686.5,2024-12-21,HSBC
TX-02060,CU-0576,30099.5,2023-11-01,Banrural
TX-02061,CU-0601,19250.02,2023-08-19,Banrural
TX-02062,CU-0599,7968.77,2023-09-19,Banrural
TX-02064,CU-0606,603.26,2023-12-31,Banrural
TX-02065,CU-0583,36205.82,2023-06-24,Industrial
TX-02066,CU-0594,48504.78,2023-05-31,BAC
TX-02068,CU-0588,42525.17,2024-06-07,G&T Continental
TX-02070,CU-0580,18532.36,2023-04-05,BAC
TX-02071,CU-0611,251.49,2023-12-22,G&T Continental
TX-02072,CU-0585,48786.72,2023-03-04,Citibank
TX-02073,CU-0618,40231.79,2023-09-04,Industrial
TX-02077,CU-0622,38435.11,2023-11-07,Banrural
TX-02078,CU-0606,20185.28,2023-09-19,Banrural
TX-02079,CU-0589,3095.92,2024-12-10,HSBC
TX-02081,CU-0604,27171.25,2024-02-18,Davivienda
TX-02083,CU-0603,20642.28,2023-03-14,Davivienda
TX-02084,CU-0614,16816.82,2023-08-10,BAC
TX-02085,CU-0613,7353.3,2024-09-29,Davivienda
TX-02086,CU-0614,15915.22,2024-07-26,G&T Continental
TX-02087,CU-0591,40734.3,2023-02-12,G&T Continental
TX-02088,CU-0598,31564.09,2023-03-08,Citibank
TX-02090,CU-0596,21374.16,2023-12-02,Banistmo
TX-02091,CU-0625,35460.91,2024-06-20,Citibank
TX-02096,CU-0618,46324.57,2023-03-28,G&T Continental
TX-02099,CU-0619,444.19,2023-04-07,Davivienda
TX-02101,CU-0627,6629.1,2023-04-30,Banrural
TX-02105,CU-0632,41941.56,2023-04-23,Industrial
TX-02106,CU-0610,41798.92,2024-07-26,G&T Continental
TX-02107,CU-0611,12871.98,2023-05-19,G&T Continental
TX-02108,CU-0632,19313.43,2024-03-19,Citibank
TX-02109,CU-0610,43382.87,2023-06-09,HSBC
TX-02110,CU-0632,15814.11,2023-02-06,Citibank
TX-02111,CU-0658,4190.59,2024-06-14,Citibank
TX-02112,CU-0643,26248.48,2023-12-06,Industrial
TX-02114,CU-0633,10771.32,2024-01-19,HSBC
TX-02115,CU-0661,25164.28,2024-05-24,G&T Continental
TX-02116,CU-0618,20036.99,2024-12-07,HSBC
TX-02117,CU-0635,20771.89,2024-03-11,Banrural
TX-02119,CU-0648,2204.41,2023-11-03,HSBC
TX-02122,CU-0632,29914.92,2024-10-14,Citibank
TX-02123,CU-0653,41088.75,2024-09-01,HSBC
TX-02124,CU-0663,25111.46,2023-09-29,Banistmo
TX-02125,CU-0626,47329.9,2023-09-09,Citibank
TX-02127,CU-0647,45446.97,2024-04-20,Banistmo
TX-02128,CU-0633,38377.85,2024-03-12,Industrial
TX-02129,CU-0640,14483.67,2024-05-26,Banrural
TX-02130,CU-0677,34432.77,2023-12-17,G&T Continental
TX-02132,CU-0665,37842.73,2024-07-30,HSBC
TX-02133,CU-0649,49162.21,2023-08-09,Banrural
TX-02136,CU-0664,45082.5,2023-06-02,BAC
TX-02142,CU-0664,1962.23,2023-03-07,HSBC
TX-02143,CU-0660,18462.5,2024-03-25,Davivienda
TX-02144,CU-0666,43588.95,2024-01-15,G&T Continental
TX-02145,CU-0658,1531.07,2024-08-15,Banistmo
TX-02146,CU-0670,22976.91,2023-08-19,Davivienda
TX-02147,CU-0654,28297.34,2023-05-30,Banrural
TX-02148,CU-0676,41712.31,2024-06-22,Citibank
TX-02149,CU-0675,20864.9,2023-08-20,Davivienda
TX-02153,CU-0690,47025.58,2024-06-02,Davivienda
TX-02156,CU-0683,14647.94,2023-12-11,Industrial
TX-02157,CU-0670,32588.01,2023-12-08,G&T Continental
TX-02159,CU-0705,36406.94,2023-10-14,Davivienda
TX-02160,CU-0679,29581.65,2024-02-14,HSBC
TX-02162,CU-0689,31001.08,2024-01-25,BAC
TX-02163,CU-0694,8844.54,2023-08-09,Banistmo
TX-02164,CU-0714,37305.37,2024-10-05,Citibank
TX-02165,CU-0713,16740.39,2024-11-05,BAC
TX-02166,CU-0702,42135.09,2024-05-14,Banrural
TX-02167,CU-0715,15579.64,2024-06-27,Citibank
TX-02168,CU-0708,49990.66,2023-04-30,BAC
TX-02172,CU-0715,47546.58,2024-09-15,Davivienda
TX-02173,CU-0693,45699.98,2023-10-13,BAC
TX-02174,CU-0699,45431.61,2023-08-07,Industrial
TX-02177,CU-0717,34735.21,2024-05-07,G&T Continental
TX-02178,CU-0693,2366.51,2024-08-27,Citibank
TX-02179,CU-0706,30801.72,2023-04-17,BAC
TX-02180,CU-0724,48290.77,2024-02-10,BAC
TX-02181,CU-0692,21024.37,2024-08-08,Davivienda
TX-02183,CU-0712,19348.16,2023-05-09,HSBC
TX-02184,CU-0712,12283.98,2024-02-23,Davivienda
TX-02187,CU-0730,25782.87,2024-03-24,G&T Continental
TX-02188,CU-0705,15402.96,2023-07-23,HSBC
TX-02189,CU-0711,38167.69,2024-04-06,G&T Continental
TX-02190,CU-0707,44433.19,2024-03-06,Banrural
TX-02191,CU-0709,4863.6,2023-09-08,G&T Continental
TX-02192,CU-0712,35292.46,2023-07-21,Banrural
TX-02193,CU-0732,25287.28,2024-01-24,Citibank
TX-02194,CU-0725,41366.24,2023-12-11,Banrural
TX-02196,CU-0698,4103.09,2023-02-18,BAC
TX-02197,CU-0713,10467.15,2024-01-30,Citibank
TX-02198,CU-0725,35459.83,2023-03-07,BAC
TX-02199,CU-0715,28444.55,2024-06-16,BAC
TX-02201,CU-0736,5292.69,2024-10-09,BAC
TX-02202,CU-0728,33853.36,2024-10-08,HSBC
TX-02203,CU-0739,29624.76,2023-08-14,Citibank
TX-02206,CU-0744,21557.73,2024-03-26,Citibank
TX-02207,CU-0721,6567.06,2024-09-03,BAC
TX-02208,CU-0712,11250.04,2024-06-06,HSBC
TX-02210,CU-0752,45044.53,2024-08-06,Banrural
TX-02215,CU-0717,8616.03,2023-04-06,BAC
TX-02216,CU-0758,1184.38,2023-07-26,HSBC
TX-02217,CU-0761,20796.74,2024-10-11,Davivienda
TX-02218,CU-0764,37247.62,2024-03-14,BAC
TX-02219,CU-0768,5753.87,2024-05-15,Davivienda
TX-02220,CU-0734,44715.44,2023-11-30,G&T Continental
TX-02222,CU-0771,38209.72,2024-01-24,HSBC
TX-02223,CU-0745,34668.54,2024-09-26,BAC
TX-02224,CU-0772,24524.49,2023-09-30,Industrial
TX-02225,CU-0733,8275.4,2023-09-02,Citibank
TX-02226,CU-0731,43197.34,2023-03-31,Citibank
TX-02227,CU-0756,36519.39,2024-09-27,G&T Continental
TX-02228,CU-0752,38224.03,2024-12-31,Banistmo
TX-02230,CU-0739,12803.58,2023-04-08,Banrural
TX-02231,CU-0760,45101.51,2023-04-25,Banistmo
TX-02232,CU-0738,45856.53,2023-10-09,Industrial
TX-02233,CU-0746,23872.95,2024-12-01,Citibank
TX-02236,CU-0783,35810.1,2024-10-19,BAC
TX-02237,CU-0759,42679.12,2024-10-02,Industrial
TX-02238,CU-0746,35031.52,2024-05-03,Banistmo
TX-02242,CU-0748,25842.1,2024-02-12,G&T Continental
TX-02243,CU-0764,26262.45,2023-05-30,G&T Continental
TX-02244,CU-0759,3032.92,2023-08-22,Banistmo
TX-02247,CU-0780,18684.39,2024-03-23,G&T Continental
TX-02248,CU-0772,27001.71,2024-10-09,Citibank
TX-02249,CU-0764,2696.33,2023-11-21,BAC
TX-02250,CU-0791,7182.44,2024-08-04,BAC
TX-02251,CU-0752,47002.37,2023-07-20,Banistmo
TX-02252,CU-0789,36065.69,2023-05-04,HSBC
TX-02253,CU-0795,9566.54,2023-11-08,Industrial
TX-02254,CU-0796,48993.22,2023-03-09,Banrural
TX-02256,CU-0798,48853.22,2024-04-06,Banistmo
TX-02259,CU-0765,8130.83,2023-03-18,G&T Continental
TX-02261,CU-0787,6797.94,2023-10-01,Banistmo
TX-02265,CU-0812,30520.37,2024-02-06,G&T Continental
TX-02266,CU-0776,49453.94,2023-11-21,Citibank
TX-02269,CU-0776,42714.95,2024-11-02,Banistmo
TX-02270,CU-0806,33296.23,2024-05-16,G&T Continental
TX-02271,CU-0776,43091.79,2023-06-14,Industrial
TX-02272,CU-0804,49521.14,2023-10-25,Davivienda
TX-02273,CU-0821,30325.65,2024-05-23,HSBC
TX-02274,CU-0805,44905.31,2023-12-15,Banistmo
TX-02276,CU-0824,34850.76,2024-09-08,Davivienda
TX-02277,CU-0810,8351.58,2024-07-20,Davivienda
TX-02278,CU-0806,34255.64,2024-04-26,HSBC
TX-02282,CU-0804,6914.8,2024-03-07,HSBC
TX-02284,CU-0815,4911.26,2024-08-06,G&T Continental
TX-02287,CU-0817,15813.11,2024-06-24,HSBC
TX-02288,CU-0826,29380.97,2024-09-04,BAC
TX-02289,CU-0823,32905.3,2024-10-17,Banistmo
TX-02291,CU-0815,35988.86,2024-02-13,Industrial
TX-02292,CU-0807,47980.0,2023-08-04,Citibank
TX-02293,CU-0822,17436.14,2023-05-26,Banistmo
TX-02294,CU-0796,31594.12,2023-08-30,HSBC
TX-02295,CU-0798,5709.17,2024-09-10,Industrial
TX-02296,CU-0823,20199.72,2024-11-13,Citibank
TX-02297,CU-0831,45435.98,2024-09-23,HSBC
TX-02298,CU-0842,49879.73,2023-06-07,BAC
TX-02302,CU-0827,47481.53,2024-08-10,BAC
TX-02303,CU-0853,34610.61,2023-10-15,Davivienda
TX-02306,CU-0815,5560.42,2024-07-03,Citibank
TX-02307,CU-0824,15064.28,2024-02-14,HSBC
TX-02308,CU-0844,23360.66,2023-07-28,Citibank
TX-02309,CU-0816,33029.41,2024-06-19,Industrial
TX-02312,CU-0851,39208.59,2023-10-02,Banistmo
TX-02313,CU-0831,43562.96,2024-09-23,Banistmo
TX-02315,CU-0847,49570.0,2023-10-28,Davivienda
TX-02316,CU-0866,24978.45,2024-08-10,Banrural
TX-02317,CU-0843,7077.87,2024-03-15,G&T Continental
TX-02318,CU-0830,46716.76,2023-08-31,Banistmo
TX-02320,CU-0869,38201.59,2024-12-10,Davivienda
TX-02322,CU-0853,32457.7,2024-11-24,Banistmo
TX-02323,CU-0837,38086.06,2023-02-08,BAC
TX-02324,CU-0834,42935.0,2024-09-24,Banrural
TX-02327,CU-0858,37155.93,2024-07-02,HSBC
TX-02328,CU-0873,31098.84,2024-08-08,Citibank
TX-02329,CU-0868,29988.84,2023-08-02,Industrial
TX-02330,CU-0861,29194.11,2024-08-24,G&T Continental
TX-02331,CU-0866,18472.94,2023-03-08,BAC
TX-02332,CU-0847,45173.47,2024-10-28,BAC
TX-02334,CU-0849,34344.92,2024-08-14,BAC
TX-02335,CU-0881,13777.0,2023-05-16,G&T Continental
TX-02337,CU-0886,14352.02,2024-01-05,Citibank
TX-02338,CU-0886,43219.68,2024-07-27,Banrural
TX-02340,CU-0888,21057.72,2023-09-27,Davivienda
TX-02342,CU-0885,49502.95,2024-04-15,Davivienda
TX-02344,CU-0865,19961.54,2023-06-06,Industrial
TX-02345,CU-0884,29224.78,2023-11-13,G&T Continental
TX-02346,CU-0876,42954.51,2023-05-22,Banistmo
TX-02348,CU-0853,49225.71,2024-09-24,Industrial
TX-02349,CU-0867,22893.82,2023-12-04,HSBC
TX-02350,CU-0859,34980.26,2023-09-12,BAC
TX-02352,CU-0899,4141.63,2024-08-03,Davivienda
TX-02354,CU-0858,12565.71,2024-10-29,Citibank
TX-02356,CU-0876,49601.63,2024-07-19,Citibank
TX-02358,CU-0888,24543.52,2023-01-14,Banistmo
TX-02359,CU-0874,44104.03,2024-06-11,Banistmo
TX-02362,CU-0871,37685.6,2024-07-11,Banrural
TX-02363,CU-0876,42663.48,2023-10-04,Industrial
TX-02364,CU-0877,27027.4,2024-07-27,Banistmo
TX-02365,CU-0869,46320.65,2023-04-20,HSBC
TX-02366,CU-0902,33488.6,2024-10-11,BAC
TX-02369,CU-0876,21415.52,2024-07-20,G&T Continental
TX-02370,CU-0901,34252.16,2023-08-14,Banistmo
TX-02371,CU-0888,31039.77,2023-12-27,G&T Continental
TX-02376,CU-0904,18708.73,2023-07-31,Citibank
TX-02377,CU-0882,33881.05,2023-07-21,G&T Continental
TX-02378,CU-0901,8201.1,2024-06-02,HSBC
TX-02379,CU-0909,39438.08,2024-04-01,G&T Continental
TX-02380,CU-0890,5521.07,2024-01-25,BAC
TX-02382,CU-0924,9859.47,2023-08-09,Banistmo
TX-02383,CU-0887,765.17,2024-04-03,Davivienda
TX-02385,CU-0922,20372.24,2024-03-25,Citibank
TX-02386,CU-0910,6244.02,2023-09-06,Citibank
TX-02387,CU-0920,25306.87,2024-09-03,G&T Continental
TX-02388,CU-0938,6310.7,2023-04-17,HSBC
TX-02390,CU-0932,22576.38,2024-10-27,Citibank
TX-02391,CU-0936,15303.81,2023-08-06,Banrural
TX-02392,CU-0938,1013.32,2024-01-04,Banrural
TX-02393,CU-0925,34247.24,2023-11-02,Banrural
TX-02394,CU-0932,23763.76,2024-06-14,Banistmo
TX-02396,CU-0900,18723.19,2024-10-19,Davivienda
TX-02397,CU-0921,29147.91,2023-04-12,Citibank
TX-02398,CU-0910,24321.96,2023-08-06,BAC
TX-02400,CU-0905,44740.81,2024-06-15,HSBC
TX-02402,CU-0924,30211.03,2024-04-11,BAC
TX-02403,CU-0916,12544.55,2023-01-04,BAC
TX-02404,CU-0931,17887.3,2023-05-08,Banrural
TX-02405,CU-0925,23975.62,2023-08-05,Industrial
TX-02410,CU-0957,29489.37,2023-02-23,HSBC
TX-02411,CU-0917,44432.42,2023-11-09,Banistmo
TX-02413,CU-0959,1284.82,2024-07-29,G&T Continental
TX-02414,CU-0923,35035.84,2023-04-02,G&T Continental
TX-02417,CU-0934,21406.6,2023-02-13,Davivienda
TX-02419,CU-0945,45661.3,2023-07-12,Banrural
TX-02421,CU-0966,43361.04,2023-11-26,Citibank
TX-02424,CU-0956,24527.73,2024-03-09,HSBC
TX-02425,CU-0959,172.62,2023-06-21,G&T Continental
TX-02426,CU-0970,17828.3,2023-08-04,Banrural
TX-02427,CU-0959,36857.3,2023-08-08,Industrial
TX-02428,CU-0936,14434.04,2024-06-02,G&T Continental
TX-02429,CU-0938,28100.77,2023-05-11,G&T Continental
TX-02430,CU-0945,31166.62,2023-07-16,Davivienda
TX-02431,CU-0937,48223.98,2023-12-27,Davivienda
TX-02433,CU-0955,28258.07,2024-12-30,Davivienda
TX-02435,CU-0948,27281.69,2024-11-11,BAC
TX-02436,CU-0939,8983.74,2023-04-16,G&T Continental
TX-02437,CU-0957,8951.54,2024-03-03,Banrural
TX-02439,CU-0946,31399.18,2024-02-27,Davivienda
TX-02440,CU-0967,10153.59,2024-05-01,Citibank
TX-02442,CU-0960,33952.91,2024-10-16,Citibank
TX-02444,CU-0953,16891.28,2023-10-03,Citibank
TX-02445,CU-0959,28135.89,2023-07-12,G&T Continental
TX-02446,CU-0991,12374.61,2023-07-25,Citibank
TX-02448,CU-0979,19053.92,2023-07-06,Banrural
TX-02451,CU-0967,24777.21,2024-08-05,G&T Continental
TX-02453,CU-0963,28102.36,2024-11-29,Citibank
TX-02454,CU-0974,4182.74,2024-12-13,BAC
TX-02455,CU-0987,16849.19,2024-05-21,Citibank
TX-02456,CU-1002,44933.41,2024-04-08,BAC
TX-02459,CU-0991,3489.18,2024-01-30,G&T Continental
TX-02460,CU-0975,43162.97,2023-03-28,Banistmo
TX-02462,CU-1009,17002.26,2024-03-25,Industrial
TX-02464,CU-0996,38168.63,2024-07-15,BAC
TX-02465,CU-1013,14976.66,2023-09-19,Citibank
TX-02466,CU-0988,38459.36,2023-06-21,BAC
TX-02468,CU-1009,27582.3,2024-11-29,G&T Continental
TX-02469,CU-0970,5780.58,2023-05-08,Banrural
TX-02472,CU-1012,39182.07,2023-09-18,Industrial
TX-02473,CU-1009,22617.22,2023-11-24,Davivienda
TX-02475,CU-1011,12682.71,2024-07-03,Davivienda
TX-02476,CU-1000,18376.92,2023-08-31,Banrural
TX-02479,CU-0984,6155.26,2023-09-23,Industrial
TX-02480,CU-1025,8078.25,2024-09-14,G&T Continental
TX-02482,CU-1012,3879.68,2024-04-25,BAC
TX-02483,CU-1000,6772.41,2023-12-25,Banistmo
TX-02484,CU-0993,26573.88,2023-02-22,Davivienda
TX-02485,CU-1017,27521.53,2023-07-04,Davivienda
TX-02486,CU-1027,1783.61,2023-04-28,Industrial
TX-02488,CU-1019,22257.52,2023-09-15,Banistmo
TX-02492,CU-1006,49840.46,2024-10-19,G&T Continental
TX-02493,CU-1012,3812.95,2024-01-26,BAC
TX-02494,CU-1022,24812.01,2023-08-01,Industrial
TX-02495,CU-1001,4182.64,2023-11-05,HSBC
TX-02496,CU-1043,6968.89,2023-11-29,G&T Continental
TX-02497,CU-1042,9356.47,2024-09-01,G&T Continental
TX-02498,CU-1011,42444.04,2023-12-30,BAC
TX-02499,CU-1019,11068.1,2023-06-30,G&T Continental
TX-02500,CU-1050,335.73,2024-03-19,Industrial
